section_id,label,sort_order,height_m,distance_m
A4-01,Section 1,1,,0
A4-01,Section 1,1,,1
A4-01,Section 1,1,,2
A4-01,Section 1,1,,3
A4-01,Section 1,1,,4
A4-01,Section 1,1,,5
A4-01,Section 1,1,,6
A4-01,Section 1,1,,7
A4-01,Section 1,1,,8
A4-01,Section 1,1,,9
A4-01,Section 1,1,,10
A4-01,Section 1,1,,11
A4-01,Section 1,1,,12
A4-01,Section 1,1,,13
A4-01,Section 1,1,,14
A4-01,Section 1,1,,15
A4-01,Section 1,1,,16
A4-01,Section 1,1,,17
A4-01,Section 1,1,,18
A4-01,Section 1,1,,19
A4-01,Section 1,1,,20
A4-01,Section 1,1,,21
A4-01,Section 1,1,,22
A4-01,Section 1,1,,23
A4-01,Section 1,1,,24
A4-01,Section 1,1,,25
A4-01,Section 1,1,,26
A4-01,Section 1,1,,27
A4-01,Section 1,1,,28
A4-01,Section 1,1,,29
A4-01,Section 1,1,,30
A4-01,Section 1,1,,31
A4-01,Section 1,1,,32
A4-01,Section 1,1,,33
A4-01,Section 1,1,,34
A4-01,Section 1,1,,35
A4-01,Section 1,1,,36
A4-01,Section 1,1,-74,37
A4-01,Section 1,1,-74.12,38
A4-01,Section 1,1,-70.51,39
A4-01,Section 1,1,-72.53,40
A4-01,Section 1,1,-72.84,41
A4-01,Section 1,1,-73.87,42
A4-01,Section 1,1,-71.19,43
A4-01,Section 1,1,-69.96,44
A4-01,Section 1,1,-71.18,45
A4-01,Section 1,1,-70.97,46
A4-01,Section 1,1,-71.91,47
A4-01,Section 1,1,-68.4,48
A4-01,Section 1,1,-63.84,49
A4-01,Section 1,1,-74.4,50
A4-01,Section 1,1,-71.87,51
A4-01,Section 1,1,-70.18,52
A4-01,Section 1,1,-68.85,53
A4-01,Section 1,1,-67.6,54
A4-01,Section 1,1,-67.43,55
A4-01,Section 1,1,-69.37,56
A4-01,Section 1,1,-69.51,57
A4-01,Section 1,1,-73.72,58
A4-01,Section 1,1,-71.5,59
A4-01,Section 1,1,-71.46,60
A4-01,Section 1,1,-66.93,61
A4-01,Section 1,1,-69.13,62
A4-01,Section 1,1,-69.43,63
A4-01,Section 1,1,-67.03,64
A4-01,Section 1,1,-69.19,65
A4-01,Section 1,1,-70.86,66
A4-01,Section 1,1,-65.17,67
A4-01,Section 1,1,-58.08,68
A4-01,Section 1,1,-69.94,69
A4-01,Section 1,1,-63.17,70
A4-01,Section 1,1,-64.19,71
A4-01,Section 1,1,-69.51,72
A4-01,Section 1,1,-66.59,73
A4-01,Section 1,1,-64.17,74
A4-01,Section 1,1,-59.56,75
A4-01,Section 1,1,-62.22,76
A4-01,Section 1,1,-59.17,77
A4-01,Section 1,1,-59.37,78
A4-01,Section 1,1,-61.61,79
A4-01,Section 1,1,-63.84,80
A4-01,Section 1,1,-51.42,81
A4-01,Section 1,1,-57.68,82
A4-01,Section 1,1,-61.17,83
A4-01,Section 1,1,-59.78,84
A4-01,Section 1,1,-58.02,85
A4-01,Section 1,1,-55.52,86
A4-01,Section 1,1,-54.99,87
A4-01,Section 1,1,-55.54,88
A4-01,Section 1,1,-55.03,89
A4-01,Section 1,1,-56.68,90
A4-01,Section 1,1,-52.09,91
A4-01,Section 1,1,-42.63,92
A4-01,Section 1,1,-51.64,93
A4-01,Section 1,1,-53.82,94
A4-01,Section 1,1,-50.54,95
A4-01,Section 1,1,-49.35,96
A4-01,Section 1,1,-50.12,97
A4-01,Section 1,1,-51.6,98
A4-01,Section 1,1,-34.64,99
A4-01,Section 1,1,-31.65,100
A4-01,Section 1,1,-33.49,101
A4-01,Section 1,1,-39.06,102
A4-01,Section 1,1,-32.98,103
A4-01,Section 1,1,-24.13,104
A4-01,Section 1,1,-27.71,105
A4-01,Section 1,1,-30.01,106
A4-01,Section 1,1,-25.36,107
A4-01,Section 1,1,-18.89,108
A4-01,Section 1,1,-27.91,109
A4-01,Section 1,1,-32.06,110
A4-01,Section 1,1,-30.58,111
A4-01,Section 1,1,-25.76,112
A4-01,Section 1,1,-23.11,113
A4-01,Section 1,1,-14.58,114
A4-01,Section 1,1,-17.41,115
A4-01,Section 1,1,-9.04,116
A4-01,Section 1,1,-8.7,117
A4-01,Section 1,1,-5.44,118
A4-01,Section 1,1,-3.82,119
A4-01,Section 1,1,-3.87,120
A4-01,Section 1,1,-3.74,121
A4-01,Section 1,1,-4.74,122
A4-01,Section 1,1,-4.54,123
A4-01,Section 1,1,-3.76,124
A4-01,Section 1,1,-3.98,125
A4-01,Section 1,1,-3.74,126
A4-01,Section 1,1,-2.8,127
A4-01,Section 1,1,-2.73,128
A4-01,Section 1,1,-2.81,129
A4-01,Section 1,1,-2.78,130
A4-01,Section 1,1,-2.71,131
A4-01,Section 1,1,-2.68,132
A4-01,Section 1,1,-2.66,133
A4-01,Section 1,1,-2.61,134
A4-01,Section 1,1,-2.64,135
A4-01,Section 1,1,-2.75,136
A4-01,Section 1,1,-2.68,137
A4-01,Section 1,1,-2.64,138
A4-01,Section 1,1,-2.72,139
A4-01,Section 1,1,-2.75,140
A4-01,Section 1,1,-2.65,141
A4-01,Section 1,1,-2.62,142
A4-01,Section 1,1,-2.58,143
A4-01,Section 1,1,-2.66,144
A4-01,Section 1,1,-2.64,145
A4-01,Section 1,1,-2.61,146
A4-01,Section 1,1,-2.51,147
A4-01,Section 1,1,-2.4,148
A4-01,Section 1,1,-2.27,149
A4-01,Section 1,1,-2.24,150
A4-01,Section 1,1,-2.21,151
A4-01,Section 1,1,-2.3,152
A4-01,Section 1,1,-2.5,153
A4-01,Section 1,1,-2.53,154
A4-01,Section 1,1,-2.39,155
A4-01,Section 1,1,-2.34,156
A4-01,Section 1,1,-2.25,157
A4-01,Section 1,1,-2.16,158
A4-01,Section 1,1,-2.2,159
A4-01,Section 1,1,-2.06,160
A4-01,Section 1,1,-1.97,161
A4-01,Section 1,1,-2.06,162
A4-01,Section 1,1,-1.9,163
A4-01,Section 1,1,-1.86,164
A4-01,Section 1,1,-1.99,165
A4-01,Section 1,1,-2.1,166
A4-01,Section 1,1,-1.95,167
A4-01,Section 1,1,-1.85,168
A4-01,Section 1,1,-1.74,169
A4-01,Section 1,1,-1.67,170
A4-01,Section 1,1,-1.84,171
A4-01,Section 1,1,-1.7,172
A4-01,Section 1,1,-1.68,173
A4-01,Section 1,1,-1.58,174
A4-01,Section 1,1,-1.46,175
A4-01,Section 1,1,-1.54,176
A4-01,Section 1,1,-1.68,177
A4-01,Section 1,1,-1.61,178
A4-01,Section 1,1,-1.58,179
A4-01,Section 1,1,-1.48,180
A4-01,Section 1,1,-1.4,181
A4-01,Section 1,1,-1.37,182
A4-01,Section 1,1,-1.47,183
A4-01,Section 1,1,-1.41,184
A4-01,Section 1,1,-1.37,185
A4-01,Section 1,1,-1.38,186
A4-01,Section 1,1,-1.39,187
A4-01,Section 1,1,-1.32,188
A4-01,Section 1,1,-1.42,189
A4-01,Section 1,1,-1.34,190
A4-01,Section 1,1,-1.28,191
A4-01,Section 1,1,-1.21,192
A4-01,Section 1,1,-1.18,193
A4-01,Section 1,1,-1.18,194
A4-01,Section 1,1,-1.14,195
A4-01,Section 1,1,-1.08,196
A4-01,Section 1,1,-1.01,197
A4-01,Section 1,1,-0.89,198
A4-01,Section 1,1,-0.79,199
A4-01,Section 1,1,-0.73,200
A4-01,Section 1,1,-0.69,201
A4-01,Section 1,1,-0.72,202
A4-01,Section 1,1,-0.71,203
A4-01,Section 1,1,-0.65,204
A4-01,Section 1,1,-0.65,205
A4-01,Section 1,1,-0.61,206
A4-01,Section 1,1,-0.58,207
A4-01,Section 1,1,-0.85,208
A4-01,Section 1,1,-0.74,209
A4-01,Section 1,1,-0.59,210
A4-01,Section 1,1,-0.57,211
A4-01,Section 1,1,-0.53,212
A4-01,Section 1,1,-0.6,213
A4-01,Section 1,1,-0.53,214
A4-01,Section 1,1,-0.49,215
A4-01,Section 1,1,-0.5,216
A4-01,Section 1,1,-0.51,217
A4-01,Section 1,1,-0.46,218
A4-01,Section 1,1,-0.39,219
A4-01,Section 1,1,-0.3,220
A4-01,Section 1,1,-0.23,221
A4-01,Section 1,1,-0.32,222
A4-01,Section 1,1,-0.36,223
A4-01,Section 1,1,-0.28,224
A4-01,Section 1,1,-0.19,225
A4-01,Section 1,1,-0.2,226
A4-01,Section 1,1,-0.21,227
A4-01,Section 1,1,-0.21,228
A4-01,Section 1,1,-0.14,229
A4-01,Section 1,1,-0.05,230
A4-01,Section 1,1,-0.01,231
A4-01,Section 1,1,0.02,232
A4-01,Section 1,1,-0.07,233
A4-01,Section 1,1,-0.02,234
A4-01,Section 1,1,0.1,235
A4-01,Section 1,1,0.15,236
A4-01,Section 1,1,-0.08,237
A4-01,Section 1,1,-0.03,238
A4-01,Section 1,1,0.08,239
A4-01,Section 1,1,0.15,240
A4-01,Section 1,1,-0.07,241
A4-01,Section 1,1,0.03,242
A4-01,Section 1,1,0.18,243
A4-01,Section 1,1,0.31,244
A4-01,Section 1,1,0.42,245
A4-01,Section 1,1,0.5,246
A4-01,Section 1,1,0.49,247
A4-01,Section 1,1,0.36,248
A4-01,Section 1,1,0.35,249
A4-01,Section 1,1,0.44,250
A4-01,Section 1,1,0.49,251
A4-01,Section 1,1,0.53,252
A4-01,Section 1,1,0.52,253
A4-01,Section 1,1,0.49,254
A4-01,Section 1,1,0.56,255
A4-01,Section 1,1,0.58,256
A4-01,Section 1,1,0.6,257
A4-01,Section 1,1,0.59,258
A4-01,Section 1,1,0.61,259
A4-01,Section 1,1,0.59,260
A4-01,Section 1,1,0.62,261
A4-01,Section 1,1,0.61,262
A4-01,Section 1,1,0.63,263
A4-01,Section 1,1,0.66,264
A4-01,Section 1,1,0.56,265
A4-01,Section 1,1,0.55,266
A4-01,Section 1,1,0.56,267
A4-01,Section 1,1,0.6,268
A4-01,Section 1,1,0.61,269
A4-01,Section 1,1,0.5,270
A4-01,Section 1,1,0.68,271
A4-01,Section 1,1,0.69,272
A4-01,Section 1,1,0.59,273
A4-01,Section 1,1,0.61,274
A4-01,Section 1,1,0.68,275
A4-01,Section 1,1,0.72,276
A4-01,Section 1,1,0.79,277
A4-01,Section 1,1,0.81,278
A4-01,Section 1,1,0.78,279
A4-01,Section 1,1,0.62,280
A4-01,Section 1,1,0.64,281
A4-01,Section 1,1,0.69,282
A4-01,Section 1,1,0.72,283
A4-01,Section 1,1,0.79,284
A4-01,Section 1,1,0.84,285
A4-01,Section 1,1,0.92,286
A4-01,Section 1,1,0.83,287
A4-01,Section 1,1,0.79,288
A4-01,Section 1,1,0.83,289
A4-01,Section 1,1,0.88,290
A4-01,Section 1,1,0.9,291
A4-01,Section 1,1,0.93,292
A4-01,Section 1,1,0.93,293
A4-01,Section 1,1,0.95,294
A4-01,Section 1,1,0.95,295
A4-01,Section 1,1,0.95,296
A4-01,Section 1,1,0.95,297
A4-01,Section 1,1,0.95,298
A4-01,Section 1,1,0.93,299
A4-01,Section 1,1,0.93,300
A4-01,Section 1,1,0.93,301
A4-01,Section 1,1,0.94,302
A4-01,Section 1,1,0.95,303
A4-01,Section 1,1,0.95,304
A4-01,Section 1,1,0.96,305
A4-01,Section 1,1,0.97,306
A4-01,Section 1,1,0.98,307
A4-01,Section 1,1,0.98,308
A4-01,Section 1,1,0.98,309
A4-01,Section 1,1,0.97,310
A4-01,Section 1,1,0.98,311
A4-01,Section 1,1,0.97,312
A4-01,Section 1,1,0.98,313
A4-01,Section 1,1,0.97,314
A4-01,Section 1,1,0.98,315
A4-01,Section 1,1,0.97,316
A4-01,Section 1,1,0.99,317
A4-01,Section 1,1,0.98,318
A4-01,Section 1,1,0.99,319
A4-01,Section 1,1,0.99,320
A4-01,Section 1,1,1,321
A4-01,Section 1,1,0.99,322
A4-01,Section 1,1,1.01,323
A4-01,Section 1,1,1.01,324
A4-01,Section 1,1,1.01,325
A4-01,Section 1,1,1.02,326
A4-01,Section 1,1,1.09,327
A4-01,Section 1,1,1.1,328
A4-01,Section 1,1,1.1,329
A4-01,Section 1,1,1.1,330
A4-01,Section 1,1,1.13,331
A4-01,Section 1,1,1.12,332
A4-01,Section 1,1,1.12,333
A4-01,Section 1,1,1.12,334
A4-01,Section 1,1,1.12,335
A4-01,Section 1,1,1.12,336
A4-01,Section 1,1,1.11,337
A4-01,Section 1,1,1.1,338
A4-01,Section 1,1,1.09,339
A4-01,Section 1,1,1.09,340
A4-01,Section 1,1,1.14,341
A4-01,Section 1,1,1.07,342
A4-01,Section 1,1,1.09,343
A4-01,Section 1,1,1.1,344
A4-01,Section 1,1,1.06,345
A4-01,Section 1,1,1.07,346
A4-01,Section 1,1,1.07,347
A4-01,Section 1,1,1.05,348
A4-01,Section 1,1,1.04,349
A4-01,Section 1,1,1.05,350
A4-01,Section 1,1,1.02,351
A4-01,Section 1,1,1,352
A4-01,Section 1,1,0.94,353
A4-01,Section 1,1,0.91,354
A4-01,Section 1,1,0.86,355
A4-01,Section 1,1,0.78,356
A4-01,Section 1,1,0.77,357
A4-01,Section 1,1,0.75,358
A4-01,Section 1,1,0.73,359
A4-01,Section 1,1,0.61,360
A4-01,Section 1,1,0.18,361
A4-01,Section 1,1,-0.26,362
A4-01,Section 1,1,-0.68,363
A4-01,Section 1,1,-0.99,364
A4-01,Section 1,1,-1.34,365
A4-01,Section 1,1,-1.63,366
A4-01,Section 1,1,-1.82,367
A4-01,Section 1,1,-2.01,368
A4-01,Section 1,1,-2.22,369
A4-01,Section 1,1,-2.39,370
A4-01,Section 1,1,-2.45,371
A4-01,Section 1,1,-2.67,372
A4-01,Section 1,1,-3.05,373
A4-01,Section 1,1,-3.63,374
A4-01,Section 1,1,-4.31,375
A4-01,Section 1,1,-9.23,376
A4-01,Section 1,1,-13.1,377
A4-01,Section 1,1,-8.33,378
A4-01,Section 1,1,-11.55,379
A4-01,Section 1,1,-13.84,380
A4-01,Section 1,1,-10.17,381
A4-01,Section 1,1,-30.03,382
A4-01,Section 1,1,-29.47,383
A4-01,Section 1,1,-30.28,384
A4-01,Section 1,1,-32.63,385
A4-01,Section 1,1,-24.09,386
A4-01,Section 1,1,-22.08,387
A4-01,Section 1,1,-26.8,388
A4-01,Section 1,1,-28.95,389
A4-01,Section 1,1,-30.2,390
A4-01,Section 1,1,-35.51,391
A4-01,Section 1,1,-40.03,392
A4-01,Section 1,1,-36.76,393
A4-01,Section 1,1,-36.74,394
A4-01,Section 1,1,-32.85,395
A4-01,Section 1,1,-30.3,396
A4-01,Section 1,1,-31.75,397
A4-01,Section 1,1,-35.14,398
A4-01,Section 1,1,-34.64,399
A4-01,Section 1,1,-26.73,400
A4-01,Section 1,1,-27,401
A4-01,Section 1,1,-6.29,402
A4-01,Section 1,1,-5.55,403
A4-01,Section 1,1,-6.2,404
A4-01,Section 1,1,-4.84,405
A4-01,Section 1,1,-3.81,406
A4-01,Section 1,1,-3.5,407
A4-01,Section 1,1,-3.87,408
A4-01,Section 1,1,-3.3,409
A4-01,Section 1,1,-2.96,410
A4-01,Section 1,1,-3.04,411
A4-01,Section 1,1,-3.38,412
A4-01,Section 1,1,-3.27,413
A4-01,Section 1,1,-3.33,414
A4-01,Section 1,1,-3.51,415
A4-01,Section 1,1,-3.52,416
A4-01,Section 1,1,-3.69,417
A4-01,Section 1,1,-3.45,418
A4-01,Section 1,1,-3.23,419
A4-01,Section 1,1,-3.59,420
A4-01,Section 1,1,-3.34,421
A4-01,Section 1,1,-3.28,422
A4-01,Section 1,1,-2.9,423
A4-01,Section 1,1,-3.19,424
A4-01,Section 1,1,-3.78,425
A4-01,Section 1,1,-2.88,426
A4-01,Section 1,1,-2.98,427
A4-01,Section 1,1,-2.88,428
A4-01,Section 1,1,-3.03,429
A4-01,Section 1,1,-3.26,430
A4-01,Section 1,1,-3.41,431
A4-01,Section 1,1,-2.95,432
A4-01,Section 1,1,-3.09,433
A4-01,Section 1,1,-3.21,434
A4-01,Section 1,1,-2.89,435
A4-01,Section 1,1,-2.83,436
A4-01,Section 1,1,-2.76,437
A4-01,Section 1,1,-2.74,438
A4-01,Section 1,1,-2.79,439
A4-01,Section 1,1,-2.81,440
A4-01,Section 1,1,-2.76,441
A4-01,Section 1,1,-2.7,442
A4-01,Section 1,1,-2.73,443
A4-01,Section 1,1,-2.72,444
A4-01,Section 1,1,-2.66,445
A4-01,Section 1,1,-2.68,446
A4-01,Section 1,1,-2.67,447
A4-01,Section 1,1,-2.66,448
A4-01,Section 1,1,-2.62,449
A4-01,Section 1,1,-2.67,450
A4-01,Section 1,1,-2.69,451
A4-01,Section 1,1,-2.71,452
A4-01,Section 1,1,-2.69,453
A4-01,Section 1,1,-2.66,454
A4-01,Section 1,1,-2.85,455
A4-01,Section 1,1,-2.87,456
A4-01,Section 1,1,-2.75,457
A4-01,Section 1,1,-2.64,458
A4-01,Section 1,1,-2.57,459
A4-01,Section 1,1,-2.58,460
A4-01,Section 1,1,-2.57,461
A4-01,Section 1,1,-2.66,462
A4-01,Section 1,1,-2.65,463
A4-01,Section 1,1,-2.64,464
A4-01,Section 1,1,-2.59,465
A4-01,Section 1,1,-2.62,466
A4-01,Section 1,1,-2.71,467
A4-01,Section 1,1,-2.69,468
A4-01,Section 1,1,-2.69,469
A4-01,Section 1,1,-2.59,470
A4-01,Section 1,1,-2.53,471
A4-01,Section 1,1,-2.52,472
A4-01,Section 1,1,-2.48,473
A4-01,Section 1,1,-2.44,474
A4-01,Section 1,1,-2.56,475
A4-01,Section 1,1,-2.7,476
A4-01,Section 1,1,-2.72,477
A4-01,Section 1,1,-2.82,478
A4-01,Section 1,1,-2.73,479
A4-01,Section 1,1,-2.66,480
A4-01,Section 1,1,-2.61,481
A4-01,Section 1,1,-2.6,482
A4-01,Section 1,1,-2.57,483
A4-01,Section 1,1,-2.64,484
A4-01,Section 1,1,-2.56,485
A4-01,Section 1,1,-2.4,486
A4-01,Section 1,1,-2.33,487
A4-01,Section 1,1,-2.38,488
A4-01,Section 1,1,-2.5,489
A4-01,Section 1,1,-2.51,490
A4-01,Section 1,1,-2.45,491
A4-01,Section 1,1,-2.52,492
A4-01,Section 1,1,-2.56,493
A4-01,Section 1,1,-2.51,494
A4-01,Section 1,1,-2.65,495
A4-01,Section 1,1,-2.43,496
A4-01,Section 1,1,-2.42,497
A4-01,Section 1,1,-2.43,498
A4-01,Section 1,1,-2.33,499
A4-01,Section 1,1,-2,500
A4-01,Section 1,1,-2.51,501
A4-01,Section 1,1,-2.71,502
A4-01,Section 1,1,-2.78,503
A4-01,Section 1,1,-2.63,504
A4-01,Section 1,1,-2.67,505
A4-01,Section 1,1,-2.76,506
A4-01,Section 1,1,-2.7,507
A4-01,Section 1,1,-2.81,508
A4-01,Section 1,1,-3.17,509
A4-01,Section 1,1,-3.05,510
A4-01,Section 1,1,-2.99,511
A4-01,Section 1,1,-2.87,512
A4-01,Section 1,1,-1.96,513
A4-01,Section 1,1,-1.47,514
A4-01,Section 1,1,-1.52,515
A4-01,Section 1,1,-0.43,516
A4-01,Section 1,1,-1,517
A4-01,Section 1,1,0.36,518
A4-01,Section 1,1,0.57,519
A4-01,Section 1,1,1.74,520
A4-01,Section 1,1,0.89,521
A4-01,Section 1,1,1,522
A4-01,Section 1,1,5.38,523
A4-01,Section 1,1,5.55,524
A4-01,Section 1,1,5.46,525
A4-01,Section 1,1,5.49,526
A4-01,Section 1,1,3.77,527
A4-01,Section 1,1,1.96,528
A4-01,Section 1,1,,529
A4-01,Section 1,1,,530
A4-01,Section 1,1,,531
A4-01,Section 1,1,,532
A4-01,Section 1,1,,533
A4-01,Section 1,1,,534
A4-01,Section 1,1,,535
A4-01,Section 1,1,,536
A4-01,Section 1,1,,537
A4-01,Section 1,1,,538
A4-01,Section 1,1,,539
A4-01,Section 1,1,,540
A4-01,Section 1,1,,541
A4-01,Section 1,1,,542
A4-01,Section 1,1,,543
A4-01,Section 1,1,,544
A4-01,Section 1,1,,545
A4-01,Section 1,1,,546
A4-01,Section 1,1,,547
A4-01,Section 1,1,,548
A4-01,Section 1,1,,549
A4-01,Section 1,1,,550
A4-01,Section 1,1,,551
A4-01,Section 1,1,,552
A4-01,Section 1,1,,553
A4-01,Section 1,1,,554
A4-01,Section 1,1,,555
A4-01,Section 1,1,,556
A4-01,Section 1,1,,557
A4-01,Section 1,1,,558
A4-01,Section 1,1,,559
A4-02,Section 2,2,,0
A4-02,Section 2,2,,1
A4-02,Section 2,2,,2
A4-02,Section 2,2,,3
A4-02,Section 2,2,,4
A4-02,Section 2,2,,5
A4-02,Section 2,2,,6
A4-02,Section 2,2,,7
A4-02,Section 2,2,,8
A4-02,Section 2,2,,9
A4-02,Section 2,2,,10
A4-02,Section 2,2,,11
A4-02,Section 2,2,,12
A4-02,Section 2,2,,13
A4-02,Section 2,2,,14
A4-02,Section 2,2,,15
A4-02,Section 2,2,,16
A4-02,Section 2,2,,17
A4-02,Section 2,2,,18
A4-02,Section 2,2,,19
A4-02,Section 2,2,,20
A4-02,Section 2,2,,21
A4-02,Section 2,2,-0.33,22
A4-02,Section 2,2,-0.13,23
A4-02,Section 2,2,-0.1,24
A4-02,Section 2,2,-0.16,25
A4-02,Section 2,2,-0.06,26
A4-02,Section 2,2,-0.06,27
A4-02,Section 2,2,-0.13,28
A4-02,Section 2,2,-0.2,29
A4-02,Section 2,2,-0.18,30
A4-02,Section 2,2,-0.26,31
A4-02,Section 2,2,-0.24,32
A4-02,Section 2,2,-0.13,33
A4-02,Section 2,2,-0.13,34
A4-02,Section 2,2,-0.07,35
A4-02,Section 2,2,-0.12,36
A4-02,Section 2,2,-0.09,37
A4-02,Section 2,2,-0.14,38
A4-02,Section 2,2,-0.15,39
A4-02,Section 2,2,-0.16,40
A4-02,Section 2,2,-0.22,41
A4-02,Section 2,2,-0.25,42
A4-02,Section 2,2,-0.21,43
A4-02,Section 2,2,-0.2,44
A4-02,Section 2,2,-0.29,45
A4-02,Section 2,2,-0.3,46
A4-02,Section 2,2,-0.31,47
A4-02,Section 2,2,-0.39,48
A4-02,Section 2,2,-0.36,49
A4-02,Section 2,2,-0.35,50
A4-02,Section 2,2,-0.42,51
A4-02,Section 2,2,-0.47,52
A4-02,Section 2,2,-0.51,53
A4-02,Section 2,2,-0.43,54
A4-02,Section 2,2,-0.39,55
A4-02,Section 2,2,-0.34,56
A4-02,Section 2,2,-0.37,57
A4-02,Section 2,2,-0.42,58
A4-02,Section 2,2,-0.51,59
A4-02,Section 2,2,-0.53,60
A4-02,Section 2,2,-0.52,61
A4-02,Section 2,2,-0.54,62
A4-02,Section 2,2,-0.57,63
A4-02,Section 2,2,-0.55,64
A4-02,Section 2,2,-0.59,65
A4-02,Section 2,2,-0.5,66
A4-02,Section 2,2,-0.54,67
A4-02,Section 2,2,-0.5,68
A4-02,Section 2,2,-0.52,69
A4-02,Section 2,2,-0.55,70
A4-02,Section 2,2,-0.56,71
A4-02,Section 2,2,-0.55,72
A4-02,Section 2,2,-0.61,73
A4-02,Section 2,2,-0.58,74
A4-02,Section 2,2,-0.57,75
A4-02,Section 2,2,-0.59,76
A4-02,Section 2,2,-0.55,77
A4-02,Section 2,2,-0.56,78
A4-02,Section 2,2,-0.6,79
A4-02,Section 2,2,-0.62,80
A4-02,Section 2,2,-0.61,81
A4-02,Section 2,2,-0.63,82
A4-02,Section 2,2,-0.63,83
A4-02,Section 2,2,-0.66,84
A4-02,Section 2,2,-0.76,85
A4-02,Section 2,2,-0.71,86
A4-02,Section 2,2,-0.7,87
A4-02,Section 2,2,-0.74,88
A4-02,Section 2,2,-0.8,89
A4-02,Section 2,2,-0.83,90
A4-02,Section 2,2,-0.89,91
A4-02,Section 2,2,-0.8,92
A4-02,Section 2,2,-0.82,93
A4-02,Section 2,2,-0.78,94
A4-02,Section 2,2,-0.78,95
A4-02,Section 2,2,-0.77,96
A4-02,Section 2,2,-0.75,97
A4-02,Section 2,2,-0.79,98
A4-02,Section 2,2,-0.78,99
A4-02,Section 2,2,-0.81,100
A4-02,Section 2,2,-0.94,101
A4-02,Section 2,2,-1.04,102
A4-02,Section 2,2,-1.05,103
A4-02,Section 2,2,-1.01,104
A4-02,Section 2,2,-0.97,105
A4-02,Section 2,2,-0.96,106
A4-02,Section 2,2,-1.01,107
A4-02,Section 2,2,-0.97,108
A4-02,Section 2,2,-0.98,109
A4-02,Section 2,2,-0.98,110
A4-02,Section 2,2,-1.01,111
A4-02,Section 2,2,-1.02,112
A4-02,Section 2,2,-0.99,113
A4-02,Section 2,2,-1,114
A4-02,Section 2,2,-0.96,115
A4-02,Section 2,2,-0.97,116
A4-02,Section 2,2,-1.06,117
A4-02,Section 2,2,-1.13,118
A4-02,Section 2,2,-1.15,119
A4-02,Section 2,2,-1.14,120
A4-02,Section 2,2,-1.15,121
A4-02,Section 2,2,-1.14,122
A4-02,Section 2,2,-1.08,123
A4-02,Section 2,2,-1.08,124
A4-02,Section 2,2,-1.12,125
A4-02,Section 2,2,-1.16,126
A4-02,Section 2,2,-1.1,127
A4-02,Section 2,2,-1.04,128
A4-02,Section 2,2,-1.18,129
A4-02,Section 2,2,-1.3,130
A4-02,Section 2,2,-1.33,131
A4-02,Section 2,2,-1.31,132
A4-02,Section 2,2,-1.27,133
A4-02,Section 2,2,-1.25,134
A4-02,Section 2,2,-1.25,135
A4-02,Section 2,2,-1.21,136
A4-02,Section 2,2,-1.24,137
A4-02,Section 2,2,-1.37,138
A4-02,Section 2,2,-1.34,139
A4-02,Section 2,2,-1.37,140
A4-02,Section 2,2,-1.37,141
A4-02,Section 2,2,-1.37,142
A4-02,Section 2,2,-1.43,143
A4-02,Section 2,2,-1.4,144
A4-02,Section 2,2,-1.35,145
A4-02,Section 2,2,-1.35,146
A4-02,Section 2,2,-1.38,147
A4-02,Section 2,2,-1.43,148
A4-02,Section 2,2,-1.37,149
A4-02,Section 2,2,-1.38,150
A4-02,Section 2,2,-1.38,151
A4-02,Section 2,2,-1.4,152
A4-02,Section 2,2,-1.48,153
A4-02,Section 2,2,-1.46,154
A4-02,Section 2,2,-1.43,155
A4-02,Section 2,2,-1.42,156
A4-02,Section 2,2,-1.36,157
A4-02,Section 2,2,-1.35,158
A4-02,Section 2,2,-1.37,159
A4-02,Section 2,2,-1.4,160
A4-02,Section 2,2,-1.42,161
A4-02,Section 2,2,-1.48,162
A4-02,Section 2,2,-1.48,163
A4-02,Section 2,2,-1.49,164
A4-02,Section 2,2,-1.41,165
A4-02,Section 2,2,-1.42,166
A4-02,Section 2,2,-1.49,167
A4-02,Section 2,2,-1.56,168
A4-02,Section 2,2,-1.58,169
A4-02,Section 2,2,-1.49,170
A4-02,Section 2,2,-1.44,171
A4-02,Section 2,2,-1.44,172
A4-02,Section 2,2,-1.47,173
A4-02,Section 2,2,-1.67,174
A4-02,Section 2,2,-1.73,175
A4-02,Section 2,2,-1.68,176
A4-02,Section 2,2,-1.65,177
A4-02,Section 2,2,-1.66,178
A4-02,Section 2,2,-1.67,179
A4-02,Section 2,2,-1.56,180
A4-02,Section 2,2,-1.55,181
A4-02,Section 2,2,-1.52,182
A4-02,Section 2,2,-1.61,183
A4-02,Section 2,2,-1.68,184
A4-02,Section 2,2,-1.58,185
A4-02,Section 2,2,-1.57,186
A4-02,Section 2,2,-1.55,187
A4-02,Section 2,2,-1.62,188
A4-02,Section 2,2,-1.62,189
A4-02,Section 2,2,-1.55,190
A4-02,Section 2,2,-1.56,191
A4-02,Section 2,2,-1.64,192
A4-02,Section 2,2,-1.67,193
A4-02,Section 2,2,-1.75,194
A4-02,Section 2,2,-1.69,195
A4-02,Section 2,2,-1.68,196
A4-02,Section 2,2,-1.69,197
A4-02,Section 2,2,-1.68,198
A4-02,Section 2,2,-1.73,199
A4-02,Section 2,2,-1.81,200
A4-02,Section 2,2,-1.8,201
A4-02,Section 2,2,-1.69,202
A4-02,Section 2,2,-1.72,203
A4-02,Section 2,2,-1.82,204
A4-02,Section 2,2,-1.78,205
A4-02,Section 2,2,-1.74,206
A4-02,Section 2,2,-1.86,207
A4-02,Section 2,2,-1.96,208
A4-02,Section 2,2,-1.88,209
A4-02,Section 2,2,-1.85,210
A4-02,Section 2,2,-1.83,211
A4-02,Section 2,2,-1.8,212
A4-02,Section 2,2,-1.75,213
A4-02,Section 2,2,-1.67,214
A4-02,Section 2,2,-1.66,215
A4-02,Section 2,2,-1.73,216
A4-02,Section 2,2,-1.71,217
A4-02,Section 2,2,-1.72,218
A4-02,Section 2,2,-1.76,219
A4-02,Section 2,2,-1.88,220
A4-02,Section 2,2,-1.94,221
A4-02,Section 2,2,-1.97,222
A4-02,Section 2,2,-2.02,223
A4-02,Section 2,2,-2.03,224
A4-02,Section 2,2,-1.94,225
A4-02,Section 2,2,-1.83,226
A4-02,Section 2,2,-1.79,227
A4-02,Section 2,2,-1.9,228
A4-02,Section 2,2,-1.97,229
A4-02,Section 2,2,-1.93,230
A4-02,Section 2,2,-1.87,231
A4-02,Section 2,2,-1.83,232
A4-02,Section 2,2,-1.78,233
A4-02,Section 2,2,-1.89,234
A4-02,Section 2,2,-2.05,235
A4-02,Section 2,2,-2.02,236
A4-02,Section 2,2,-1.97,237
A4-02,Section 2,2,-1.88,238
A4-02,Section 2,2,-1.82,239
A4-02,Section 2,2,-1.85,240
A4-02,Section 2,2,-1.9,241
A4-02,Section 2,2,-1.93,242
A4-02,Section 2,2,-2.01,243
A4-02,Section 2,2,-2.02,244
A4-02,Section 2,2,-2.01,245
A4-02,Section 2,2,-2.11,246
A4-02,Section 2,2,-2.14,247
A4-02,Section 2,2,-2.11,248
A4-02,Section 2,2,-2.04,249
A4-02,Section 2,2,-1.99,250
A4-02,Section 2,2,-1.95,251
A4-02,Section 2,2,-1.93,252
A4-02,Section 2,2,-1.88,253
A4-02,Section 2,2,-1.84,254
A4-02,Section 2,2,-1.78,255
A4-02,Section 2,2,-1.74,256
A4-02,Section 2,2,-1.68,257
A4-02,Section 2,2,-1.69,258
A4-02,Section 2,2,-1.7,259
A4-02,Section 2,2,-1.76,260
A4-02,Section 2,2,-1.84,261
A4-02,Section 2,2,-1.93,262
A4-02,Section 2,2,-1.94,263
A4-02,Section 2,2,-1.92,264
A4-02,Section 2,2,-1.84,265
A4-02,Section 2,2,-1.8,266
A4-02,Section 2,2,-1.75,267
A4-02,Section 2,2,-1.69,268
A4-02,Section 2,2,-1.67,269
A4-02,Section 2,2,-1.63,270
A4-02,Section 2,2,-1.6,271
A4-02,Section 2,2,-1.67,272
A4-02,Section 2,2,-1.73,273
A4-02,Section 2,2,-1.8,274
A4-02,Section 2,2,-1.89,275
A4-02,Section 2,2,-1.91,276
A4-02,Section 2,2,-1.86,277
A4-02,Section 2,2,-1.78,278
A4-02,Section 2,2,-1.66,279
A4-02,Section 2,2,-1.58,280
A4-02,Section 2,2,-1.61,281
A4-02,Section 2,2,-1.68,282
A4-02,Section 2,2,-1.72,283
A4-02,Section 2,2,-1.75,284
A4-02,Section 2,2,-1.79,285
A4-02,Section 2,2,-1.85,286
A4-02,Section 2,2,-1.86,287
A4-02,Section 2,2,-1.82,288
A4-02,Section 2,2,-1.79,289
A4-02,Section 2,2,-1.73,290
A4-02,Section 2,2,-1.77,291
A4-02,Section 2,2,-1.83,292
A4-02,Section 2,2,-1.81,293
A4-02,Section 2,2,-1.87,294
A4-02,Section 2,2,-2.03,295
A4-02,Section 2,2,-2,296
A4-02,Section 2,2,-1.93,297
A4-02,Section 2,2,-1.85,298
A4-02,Section 2,2,-1.73,299
A4-02,Section 2,2,-1.64,300
A4-02,Section 2,2,-1.84,301
A4-02,Section 2,2,-2.05,302
A4-02,Section 2,2,-2.15,303
A4-02,Section 2,2,-2.15,304
A4-02,Section 2,2,-2.13,305
A4-02,Section 2,2,-2.1,306
A4-02,Section 2,2,-2.08,307
A4-02,Section 2,2,-2.05,308
A4-02,Section 2,2,-2,309
A4-02,Section 2,2,-1.95,310
A4-02,Section 2,2,-1.89,311
A4-02,Section 2,2,-1.82,312
A4-02,Section 2,2,-1.66,313
A4-02,Section 2,2,-1.73,314
A4-02,Section 2,2,-1.89,315
A4-02,Section 2,2,-2.02,316
A4-02,Section 2,2,-2.04,317
A4-02,Section 2,2,-2.01,318
A4-02,Section 2,2,-1.95,319
A4-02,Section 2,2,-1.88,320
A4-02,Section 2,2,-1.98,321
A4-02,Section 2,2,-2.04,322
A4-02,Section 2,2,-2,323
A4-02,Section 2,2,-1.92,324
A4-02,Section 2,2,-1.87,325
A4-02,Section 2,2,-1.74,326
A4-02,Section 2,2,-1.71,327
A4-02,Section 2,2,-1.83,328
A4-02,Section 2,2,-1.97,329
A4-02,Section 2,2,-2.04,330
A4-02,Section 2,2,-2.08,331
A4-02,Section 2,2,-2.05,332
A4-02,Section 2,2,-2.03,333
A4-02,Section 2,2,-1.98,334
A4-02,Section 2,2,-1.95,335
A4-02,Section 2,2,-1.92,336
A4-02,Section 2,2,-1.85,337
A4-02,Section 2,2,-1.72,338
A4-02,Section 2,2,-1.64,339
A4-02,Section 2,2,-1.66,340
A4-02,Section 2,2,-1.78,341
A4-02,Section 2,2,-1.83,342
A4-02,Section 2,2,-1.9,343
A4-02,Section 2,2,-1.87,344
A4-02,Section 2,2,-1.8,345
A4-02,Section 2,2,-1.8,346
A4-02,Section 2,2,-1.82,347
A4-02,Section 2,2,-1.84,348
A4-02,Section 2,2,-1.96,349
A4-02,Section 2,2,-1.99,350
A4-02,Section 2,2,-1.9,351
A4-02,Section 2,2,-1.97,352
A4-02,Section 2,2,-1.9,353
A4-02,Section 2,2,-1.89,354
A4-02,Section 2,2,-1.85,355
A4-02,Section 2,2,-1.91,356
A4-02,Section 2,2,-2.02,357
A4-02,Section 2,2,-1.95,358
A4-02,Section 2,2,-1.97,359
A4-02,Section 2,2,-2,360
A4-02,Section 2,2,-1.97,361
A4-02,Section 2,2,-1.97,362
A4-02,Section 2,2,-2,363
A4-02,Section 2,2,-2.05,364
A4-02,Section 2,2,-2.04,365
A4-02,Section 2,2,-1.99,366
A4-02,Section 2,2,-2.04,367
A4-02,Section 2,2,-2.09,368
A4-02,Section 2,2,-2.1,369
A4-02,Section 2,2,-2.12,370
A4-02,Section 2,2,-2.1,371
A4-02,Section 2,2,-2.1,372
A4-02,Section 2,2,-2.15,373
A4-02,Section 2,2,-2.16,374
A4-02,Section 2,2,-2.18,375
A4-02,Section 2,2,-2.16,376
A4-02,Section 2,2,-2.16,377
A4-02,Section 2,2,-2.14,378
A4-02,Section 2,2,-2.12,379
A4-02,Section 2,2,-2.15,380
A4-02,Section 2,2,-2.2,381
A4-02,Section 2,2,-2.2,382
A4-02,Section 2,2,-2.17,383
A4-02,Section 2,2,-2.12,384
A4-02,Section 2,2,-2.12,385
A4-02,Section 2,2,-2.16,386
A4-02,Section 2,2,-2.13,387
A4-02,Section 2,2,-2.11,388
A4-02,Section 2,2,-2.21,389
A4-02,Section 2,2,-2.28,390
A4-02,Section 2,2,-2.22,391
A4-02,Section 2,2,-2.23,392
A4-02,Section 2,2,-2.26,393
A4-02,Section 2,2,-2.27,394
A4-02,Section 2,2,-2.34,395
A4-02,Section 2,2,-2.36,396
A4-02,Section 2,2,-2.42,397
A4-02,Section 2,2,-2.39,398
A4-02,Section 2,2,-2.36,399
A4-02,Section 2,2,-2.33,400
A4-02,Section 2,2,-2.4,401
A4-02,Section 2,2,-2.5,402
A4-02,Section 2,2,-2.54,403
A4-02,Section 2,2,-2.55,404
A4-02,Section 2,2,-2.48,405
A4-02,Section 2,2,-2.54,406
A4-02,Section 2,2,-2.6,407
A4-02,Section 2,2,-2.57,408
A4-02,Section 2,2,-2.65,409
A4-02,Section 2,2,-2.75,410
A4-02,Section 2,2,-2.87,411
A4-02,Section 2,2,-2.99,412
A4-02,Section 2,2,-2.95,413
A4-02,Section 2,2,-3.02,414
A4-02,Section 2,2,-2.99,415
A4-02,Section 2,2,-3.03,416
A4-02,Section 2,2,-3.17,417
A4-02,Section 2,2,-3.09,418
A4-02,Section 2,2,-3.16,419
A4-02,Section 2,2,-3.44,420
A4-02,Section 2,2,-5.18,421
A4-02,Section 2,2,-6.83,422
A4-02,Section 2,2,-8.26,423
A4-02,Section 2,2,-16.58,424
A4-02,Section 2,2,-21.98,425
A4-02,Section 2,2,-17.64,426
A4-02,Section 2,2,-12.2,427
A4-02,Section 2,2,-16.95,428
A4-02,Section 2,2,-17.69,429
A4-02,Section 2,2,-19.77,430
A4-02,Section 2,2,-22.85,431
A4-02,Section 2,2,-14.07,432
A4-02,Section 2,2,-15.95,433
A4-02,Section 2,2,-21.48,434
A4-02,Section 2,2,-14.36,435
A4-02,Section 2,2,-26.04,436
A4-02,Section 2,2,-22.72,437
A4-02,Section 2,2,-15.66,438
A4-02,Section 2,2,-19.29,439
A4-02,Section 2,2,-20.55,440
A4-02,Section 2,2,-10.91,441
A4-02,Section 2,2,-14.11,442
A4-02,Section 2,2,-21.72,443
A4-02,Section 2,2,-15.77,444
A4-02,Section 2,2,-15.59,445
A4-02,Section 2,2,-17.98,446
A4-02,Section 2,2,-17.53,447
A4-02,Section 2,2,-19.69,448
A4-02,Section 2,2,-17.25,449
A4-02,Section 2,2,-15.32,450
A4-02,Section 2,2,-18.72,451
A4-02,Section 2,2,-20.13,452
A4-02,Section 2,2,-17.28,453
A4-02,Section 2,2,-3.94,454
A4-02,Section 2,2,-3.64,455
A4-02,Section 2,2,-3.53,456
A4-02,Section 2,2,-3.41,457
A4-02,Section 2,2,-3.21,458
A4-02,Section 2,2,-3.06,459
A4-02,Section 2,2,-2.87,460
A4-02,Section 2,2,-2.75,461
A4-02,Section 2,2,-2.67,462
A4-02,Section 2,2,-2.64,463
A4-02,Section 2,2,-2.64,464
A4-02,Section 2,2,-2.62,465
A4-02,Section 2,2,-2.62,466
A4-02,Section 2,2,-2.64,467
A4-02,Section 2,2,-2.67,468
A4-02,Section 2,2,-2.72,469
A4-02,Section 2,2,-2.79,470
A4-02,Section 2,2,-2.8,471
A4-02,Section 2,2,-2.84,472
A4-02,Section 2,2,-2.86,473
A4-02,Section 2,2,-2.88,474
A4-02,Section 2,2,-2.77,475
A4-02,Section 2,2,-2.59,476
A4-02,Section 2,2,-2.49,477
A4-02,Section 2,2,-2.46,478
A4-02,Section 2,2,-2.45,479
A4-02,Section 2,2,-2.46,480
A4-02,Section 2,2,-2.47,481
A4-02,Section 2,2,-2.5,482
A4-02,Section 2,2,-2.5,483
A4-02,Section 2,2,-2.55,484
A4-02,Section 2,2,-2.64,485
A4-02,Section 2,2,-2.73,486
A4-02,Section 2,2,-2.8,487
A4-02,Section 2,2,-2.66,488
A4-02,Section 2,2,-2.53,489
A4-02,Section 2,2,-2.48,490
A4-02,Section 2,2,-2.45,491
A4-02,Section 2,2,-2.43,492
A4-02,Section 2,2,-2.41,493
A4-02,Section 2,2,-2.41,494
A4-02,Section 2,2,-2.41,495
A4-02,Section 2,2,-2.4,496
A4-02,Section 2,2,-2.41,497
A4-02,Section 2,2,-2.41,498
A4-02,Section 2,2,-2.39,499
A4-02,Section 2,2,-2.4,500
A4-02,Section 2,2,-2.41,501
A4-02,Section 2,2,-2.4,502
A4-02,Section 2,2,-2.4,503
A4-02,Section 2,2,-2.38,504
A4-02,Section 2,2,-2.36,505
A4-02,Section 2,2,-2.35,506
A4-02,Section 2,2,-2.36,507
A4-02,Section 2,2,-2.39,508
A4-02,Section 2,2,-2.4,509
A4-02,Section 2,2,-2.41,510
A4-02,Section 2,2,-2.41,511
A4-02,Section 2,2,-2.39,512
A4-02,Section 2,2,-2.41,513
A4-02,Section 2,2,-2.42,514
A4-02,Section 2,2,-2.42,515
A4-02,Section 2,2,-2.42,516
A4-02,Section 2,2,-2.41,517
A4-02,Section 2,2,-2.4,518
A4-02,Section 2,2,-2.41,519
A4-02,Section 2,2,-2.41,520
A4-02,Section 2,2,-2.39,521
A4-02,Section 2,2,-2.44,522
A4-02,Section 2,2,-2.43,523
A4-02,Section 2,2,-2.44,524
A4-02,Section 2,2,-2.46,525
A4-02,Section 2,2,-2.46,526
A4-02,Section 2,2,-2.47,527
A4-02,Section 2,2,-2.49,528
A4-02,Section 2,2,-2.48,529
A4-02,Section 2,2,-2.46,530
A4-02,Section 2,2,-2.46,531
A4-02,Section 2,2,-2.47,532
A4-02,Section 2,2,-2.45,533
A4-02,Section 2,2,-2.45,534
A4-02,Section 2,2,-2.4,535
A4-02,Section 2,2,-2.47,536
A4-02,Section 2,2,-2.54,537
A4-02,Section 2,2,-2.51,538
A4-02,Section 2,2,-2.4,539
A4-02,Section 2,2,-2.41,540
A4-02,Section 2,2,-2.45,541
A4-02,Section 2,2,-2.54,542
A4-02,Section 2,2,-2.47,543
A4-02,Section 2,2,-2.61,544
A4-02,Section 2,2,-2.61,545
A4-02,Section 2,2,-2.5,546
A4-02,Section 2,2,-2.56,547
A4-02,Section 2,2,-2.63,548
A4-02,Section 2,2,-2.73,549
A4-02,Section 2,2,-2.86,550
A4-02,Section 2,2,-2.75,551
A4-02,Section 2,2,-2.79,552
A4-02,Section 2,2,-2.81,553
A4-02,Section 2,2,-2.86,554
A4-02,Section 2,2,-2.66,555
A4-02,Section 2,2,-2.75,556
A4-02,Section 2,2,-2.84,557
A4-02,Section 2,2,-3.56,558
A4-02,Section 2,2,-3.13,559
A4-02,Section 2,2,-3,560
A4-02,Section 2,2,-3.55,561
A4-02,Section 2,2,-3.27,562
A4-02,Section 2,2,-3.29,563
A4-02,Section 2,2,-3.85,564
A4-02,Section 2,2,-3.56,565
A4-02,Section 2,2,-3.79,566
A4-02,Section 2,2,-4.3,567
A4-02,Section 2,2,-4.8,568
A4-02,Section 2,2,-36.63,569
A4-02,Section 2,2,-30.29,570
A4-02,Section 2,2,-18.49,571
A4-02,Section 2,2,-19.51,572
A4-02,Section 2,2,-35.86,573
A4-02,Section 2,2,-38.25,574
A4-02,Section 2,2,-35.08,575
A4-02,Section 2,2,-41.13,576
A4-02,Section 2,2,-27.98,577
A4-02,Section 2,2,-33.48,578
A4-02,Section 2,2,-34.4,579
A4-02,Section 2,2,-20.29,580
A4-02,Section 2,2,-19.39,581
A4-02,Section 2,2,-37.13,582
A4-02,Section 2,2,-43.08,583
A4-02,Section 2,2,-46.47,584
A4-02,Section 2,2,-44,585
A4-02,Section 2,2,-45.78,586
A4-02,Section 2,2,-41.6,587
A4-02,Section 2,2,-41.19,588
A4-02,Section 2,2,-45.16,589
A4-02,Section 2,2,-40.87,590
A4-02,Section 2,2,-43.61,591
A4-02,Section 2,2,-45.38,592
A4-02,Section 2,2,-37.86,593
A4-02,Section 2,2,-41.73,594
A4-02,Section 2,2,-39.65,595
A4-02,Section 2,2,-24.57,596
A4-02,Section 2,2,-28.18,597
A4-02,Section 2,2,-45.93,598
A4-02,Section 2,2,-46.71,599
A4-02,Section 2,2,-41.59,600
A4-02,Section 2,2,-44.97,601
A4-02,Section 2,2,-46.1,602
A4-02,Section 2,2,-42.97,603
A4-02,Section 2,2,-37.09,604
A4-02,Section 2,2,-39.78,605
A4-02,Section 2,2,-40.12,606
A4-02,Section 2,2,-34.85,607
A4-02,Section 2,2,-33.51,608
A4-02,Section 2,2,-31.28,609
A4-02,Section 2,2,-31.11,610
A4-02,Section 2,2,-27,611
A4-02,Section 2,2,-38.68,612
A4-02,Section 2,2,-44.63,613
A4-02,Section 2,2,-25.8,614
A4-02,Section 2,2,-31.33,615
A4-02,Section 2,2,-21.07,616
A4-02,Section 2,2,-31.85,617
A4-02,Section 2,2,-29.81,618
A4-02,Section 2,2,-33.89,619
A4-02,Section 2,2,-24.37,620
A4-02,Section 2,2,-6.81,621
A4-02,Section 2,2,-5.73,622
A4-02,Section 2,2,-6.3,623
A4-02,Section 2,2,-3.95,624
A4-02,Section 2,2,-3.4,625
A4-02,Section 2,2,-3.29,626
A4-02,Section 2,2,-3.12,627
A4-02,Section 2,2,-3,628
A4-02,Section 2,2,-2.95,629
A4-02,Section 2,2,-2.88,630
A4-02,Section 2,2,-2.86,631
A4-02,Section 2,2,-2.79,632
A4-02,Section 2,2,-2.72,633
A4-02,Section 2,2,-2.65,634
A4-02,Section 2,2,-2.59,635
A4-02,Section 2,2,-2.55,636
A4-02,Section 2,2,-2.5,637
A4-02,Section 2,2,-2.42,638
A4-02,Section 2,2,-2.36,639
A4-02,Section 2,2,-2.27,640
A4-02,Section 2,2,-2.21,641
A4-02,Section 2,2,-2.15,642
A4-02,Section 2,2,-2.1,643
A4-02,Section 2,2,-2.01,644
A4-02,Section 2,2,-1.97,645
A4-02,Section 2,2,-1.93,646
A4-02,Section 2,2,-1.89,647
A4-02,Section 2,2,-1.87,648
A4-02,Section 2,2,-1.87,649
A4-02,Section 2,2,-1.83,650
A4-02,Section 2,2,-1.78,651
A4-02,Section 2,2,-1.74,652
A4-02,Section 2,2,-1.7,653
A4-02,Section 2,2,-1.64,654
A4-02,Section 2,2,-1.59,655
A4-02,Section 2,2,-1.52,656
A4-02,Section 2,2,-1.47,657
A4-02,Section 2,2,-1.41,658
A4-02,Section 2,2,-1.32,659
A4-02,Section 2,2,-1.23,660
A4-02,Section 2,2,-1.13,661
A4-02,Section 2,2,-1.07,662
A4-02,Section 2,2,-0.98,663
A4-02,Section 2,2,-0.9,664
A4-02,Section 2,2,-0.85,665
A4-02,Section 2,2,-0.79,666
A4-02,Section 2,2,-0.75,667
A4-02,Section 2,2,-0.7,668
A4-02,Section 2,2,-0.68,669
A4-02,Section 2,2,-0.66,670
A4-02,Section 2,2,-0.66,671
A4-02,Section 2,2,-0.66,672
A4-02,Section 2,2,-0.62,673
A4-02,Section 2,2,-0.55,674
A4-02,Section 2,2,-0.52,675
A4-02,Section 2,2,-0.45,676
A4-02,Section 2,2,-0.42,677
A4-02,Section 2,2,-0.36,678
A4-02,Section 2,2,-0.32,679
A4-02,Section 2,2,-0.26,680
A4-02,Section 2,2,-0.21,681
A4-02,Section 2,2,-0.15,682
A4-02,Section 2,2,-0.09,683
A4-02,Section 2,2,-0.03,684
A4-02,Section 2,2,0.03,685
A4-02,Section 2,2,0.06,686
A4-02,Section 2,2,0.1,687
A4-02,Section 2,2,0.15,688
A4-02,Section 2,2,0.19,689
A4-02,Section 2,2,0.23,690
A4-02,Section 2,2,0.27,691
A4-02,Section 2,2,0.31,692
A4-02,Section 2,2,0.34,693
A4-02,Section 2,2,0.37,694
A4-02,Section 2,2,0.43,695
A4-02,Section 2,2,0.43,696
A4-02,Section 2,2,0.46,697
A4-02,Section 2,2,0.49,698
A4-02,Section 2,2,0.52,699
A4-02,Section 2,2,0.56,700
A4-02,Section 2,2,0.57,701
A4-02,Section 2,2,0.61,702
A4-02,Section 2,2,0.63,703
A4-02,Section 2,2,0.66,704
A4-02,Section 2,2,0.68,705
A4-02,Section 2,2,0.71,706
A4-02,Section 2,2,0.74,707
A4-02,Section 2,2,0.77,708
A4-02,Section 2,2,0.85,709
A4-02,Section 2,2,0.88,710
A4-02,Section 2,2,0.94,711
A4-02,Section 2,2,1.02,712
A4-02,Section 2,2,1.04,713
A4-02,Section 2,2,1.11,714
A4-02,Section 2,2,1.18,715
A4-02,Section 2,2,1.21,716
A4-02,Section 2,2,1.26,717
A4-02,Section 2,2,1.36,718
A4-02,Section 2,2,1.42,719
A4-02,Section 2,2,1.44,720
A4-02,Section 2,2,1.53,721
A4-02,Section 2,2,1.58,722
A4-02,Section 2,2,1.64,723
A4-02,Section 2,2,1.72,724
A4-02,Section 2,2,1.82,725
A4-02,Section 2,2,1.84,726
A4-02,Section 2,2,1.9,727
A4-02,Section 2,2,1.97,728
A4-02,Section 2,2,2.99,729
A4-02,Section 2,2,2.16,730
A4-02,Section 2,2,2.63,731
A4-02,Section 2,2,2.24,732
A4-02,Section 2,2,2.21,733
A4-02,Section 2,2,2.28,734
A4-02,Section 2,2,2.38,735
A4-02,Section 2,2,2.48,736
A4-02,Section 2,2,3.04,737
A4-02,Section 2,2,4.81,738
A4-02,Section 2,2,5.63,739
A4-02,Section 2,2,5.74,740
A4-02,Section 2,2,5.85,741
A4-02,Section 2,2,5.95,742
A4-02,Section 2,2,6.02,743
A4-02,Section 2,2,6.43,744
A4-02,Section 2,2,6.9,745
A4-02,Section 2,2,6.92,746
A4-02,Section 2,2,6.67,747
A4-02,Section 2,2,6.99,748
A4-02,Section 2,2,6.15,749
A4-02,Section 2,2,6,750
A4-02,Section 2,2,5.59,751
A4-02,Section 2,2,5.59,752
A4-02,Section 2,2,5.59,753
A4-02,Section 2,2,5.58,754
A4-02,Section 2,2,5.59,755
A4-02,Section 2,2,5.57,756
A4-02,Section 2,2,,757
A4-02,Section 2,2,,758
A4-02,Section 2,2,,759
A4-02,Section 2,2,,760
A4-02,Section 2,2,,761
A4-02,Section 2,2,,762
A4-02,Section 2,2,,763
A4-02,Section 2,2,,764
A4-02,Section 2,2,,765
A4-02,Section 2,2,,766
A4-02,Section 2,2,,767
A4-02,Section 2,2,,768
A4-02,Section 2,2,,769
A4-02,Section 2,2,,770
A4-02,Section 2,2,,771
A4-02,Section 2,2,,772
A4-02,Section 2,2,,773
A4-02,Section 2,2,,774
A4-02,Section 2,2,,775
A4-02,Section 2,2,,776
A4-02,Section 2,2,,777
A4-02,Section 2,2,,778
A4-02,Section 2,2,,779
A4-02,Section 2,2,,780
A4-02,Section 2,2,,781
A4-02,Section 2,2,,782
A4-02,Section 2,2,,783
A4-02,Section 2,2,,784
A4-02,Section 2,2,,785
A4-02,Section 2,2,,786
A4-02,Section 2,2,,787
A4-02,Section 2,2,,788
A4-02,Section 2,2,,789
A4-02,Section 2,2,,790
A4-02,Section 2,2,,791
A4-02,Section 2,2,,792
A4-02,Section 2,2,,793
A4-02,Section 2,2,,794
A4-02,Section 2,2,,795
A4-02,Section 2,2,,796
A4-02,Section 2,2,,797
A4-02,Section 2,2,,798
A4-03,Section 3,3,,0
A4-03,Section 3,3,,1
A4-03,Section 3,3,,2
A4-03,Section 3,3,,3
A4-03,Section 3,3,,4
A4-03,Section 3,3,,5
A4-03,Section 3,3,,6
A4-03,Section 3,3,,7
A4-03,Section 3,3,,8
A4-03,Section 3,3,,9
A4-03,Section 3,3,,10
A4-03,Section 3,3,,11
A4-03,Section 3,3,,12
A4-03,Section 3,3,,13
A4-03,Section 3,3,,14
A4-03,Section 3,3,,15
A4-03,Section 3,3,,16
A4-03,Section 3,3,,17
A4-03,Section 3,3,,18
A4-03,Section 3,3,,19
A4-03,Section 3,3,,20
A4-03,Section 3,3,,21
A4-03,Section 3,3,,22
A4-03,Section 3,3,,23
A4-03,Section 3,3,,24
A4-03,Section 3,3,,25
A4-03,Section 3,3,,26
A4-03,Section 3,3,,27
A4-03,Section 3,3,,28
A4-03,Section 3,3,0.07,29
A4-03,Section 3,3,0.11,30
A4-03,Section 3,3,0.09,31
A4-03,Section 3,3,0.05,32
A4-03,Section 3,3,0.11,33
A4-03,Section 3,3,0.07,34
A4-03,Section 3,3,0.07,35
A4-03,Section 3,3,0.1,36
A4-03,Section 3,3,0.11,37
A4-03,Section 3,3,0.1,38
A4-03,Section 3,3,0.12,39
A4-03,Section 3,3,0.15,40
A4-03,Section 3,3,0.09,41
A4-03,Section 3,3,0.12,42
A4-03,Section 3,3,0.13,43
A4-03,Section 3,3,0.14,44
A4-03,Section 3,3,0.11,45
A4-03,Section 3,3,0.1,46
A4-03,Section 3,3,0.07,47
A4-03,Section 3,3,0.08,48
A4-03,Section 3,3,0.08,49
A4-03,Section 3,3,0.08,50
A4-03,Section 3,3,0.06,51
A4-03,Section 3,3,0.08,52
A4-03,Section 3,3,0.05,53
A4-03,Section 3,3,0.08,54
A4-03,Section 3,3,0.06,55
A4-03,Section 3,3,0.07,56
A4-03,Section 3,3,0.04,57
A4-03,Section 3,3,0.03,58
A4-03,Section 3,3,0.02,59
A4-03,Section 3,3,0.03,60
A4-03,Section 3,3,0.03,61
A4-03,Section 3,3,0.02,62
A4-03,Section 3,3,0.06,63
A4-03,Section 3,3,0.08,64
A4-03,Section 3,3,0.1,65
A4-03,Section 3,3,0.1,66
A4-03,Section 3,3,0.1,67
A4-03,Section 3,3,0.11,68
A4-03,Section 3,3,0.12,69
A4-03,Section 3,3,0.11,70
A4-03,Section 3,3,0.09,71
A4-03,Section 3,3,0.1,72
A4-03,Section 3,3,0.1,73
A4-03,Section 3,3,0.11,74
A4-03,Section 3,3,0.1,75
A4-03,Section 3,3,0.12,76
A4-03,Section 3,3,0.13,77
A4-03,Section 3,3,0.13,78
A4-03,Section 3,3,0.13,79
A4-03,Section 3,3,0.11,80
A4-03,Section 3,3,0.11,81
A4-03,Section 3,3,0.12,82
A4-03,Section 3,3,0.11,83
A4-03,Section 3,3,0.11,84
A4-03,Section 3,3,0.12,85
A4-03,Section 3,3,0.12,86
A4-03,Section 3,3,0.12,87
A4-03,Section 3,3,0.14,88
A4-03,Section 3,3,0.12,89
A4-03,Section 3,3,0.13,90
A4-03,Section 3,3,0.15,91
A4-03,Section 3,3,0.16,92
A4-03,Section 3,3,0.13,93
A4-03,Section 3,3,0.13,94
A4-03,Section 3,3,0.15,95
A4-03,Section 3,3,0.15,96
A4-03,Section 3,3,0.15,97
A4-03,Section 3,3,0.15,98
A4-03,Section 3,3,0.16,99
A4-03,Section 3,3,0.16,100
A4-03,Section 3,3,0.17,101
A4-03,Section 3,3,0.15,102
A4-03,Section 3,3,0.16,103
A4-03,Section 3,3,0.14,104
A4-03,Section 3,3,0.17,105
A4-03,Section 3,3,0.16,106
A4-03,Section 3,3,0.17,107
A4-03,Section 3,3,0.17,108
A4-03,Section 3,3,0.17,109
A4-03,Section 3,3,0.16,110
A4-03,Section 3,3,0.16,111
A4-03,Section 3,3,0.16,112
A4-03,Section 3,3,0.15,113
A4-03,Section 3,3,0.16,114
A4-03,Section 3,3,0.17,115
A4-03,Section 3,3,0.16,116
A4-03,Section 3,3,0.14,117
A4-03,Section 3,3,0.14,118
A4-03,Section 3,3,0.15,119
A4-03,Section 3,3,0.15,120
A4-03,Section 3,3,0.15,121
A4-03,Section 3,3,0.15,122
A4-03,Section 3,3,0.14,123
A4-03,Section 3,3,0.15,124
A4-03,Section 3,3,0.16,125
A4-03,Section 3,3,0.15,126
A4-03,Section 3,3,0.13,127
A4-03,Section 3,3,0.13,128
A4-03,Section 3,3,0.14,129
A4-03,Section 3,3,0.12,130
A4-03,Section 3,3,0.12,131
A4-03,Section 3,3,0.12,132
A4-03,Section 3,3,0.11,133
A4-03,Section 3,3,0.12,134
A4-03,Section 3,3,0.12,135
A4-03,Section 3,3,0.1,136
A4-03,Section 3,3,0.11,137
A4-03,Section 3,3,0.1,138
A4-03,Section 3,3,0.1,139
A4-03,Section 3,3,0.1,140
A4-03,Section 3,3,0.09,141
A4-03,Section 3,3,0.08,142
A4-03,Section 3,3,0.09,143
A4-03,Section 3,3,0.09,144
A4-03,Section 3,3,0.08,145
A4-03,Section 3,3,0.08,146
A4-03,Section 3,3,0.09,147
A4-03,Section 3,3,0.08,148
A4-03,Section 3,3,0.07,149
A4-03,Section 3,3,0.09,150
A4-03,Section 3,3,0.08,151
A4-03,Section 3,3,0.07,152
A4-03,Section 3,3,0.09,153
A4-03,Section 3,3,0.1,154
A4-03,Section 3,3,0.09,155
A4-03,Section 3,3,0.08,156
A4-03,Section 3,3,0.07,157
A4-03,Section 3,3,0.09,158
A4-03,Section 3,3,0.09,159
A4-03,Section 3,3,0.08,160
A4-03,Section 3,3,0.06,161
A4-03,Section 3,3,0.06,162
A4-03,Section 3,3,0.07,163
A4-03,Section 3,3,0.07,164
A4-03,Section 3,3,0.06,165
A4-03,Section 3,3,0.05,166
A4-03,Section 3,3,0.05,167
A4-03,Section 3,3,0.06,168
A4-03,Section 3,3,0.07,169
A4-03,Section 3,3,0.07,170
A4-03,Section 3,3,0.06,171
A4-03,Section 3,3,0.06,172
A4-03,Section 3,3,0.06,173
A4-03,Section 3,3,0.05,174
A4-03,Section 3,3,0.06,175
A4-03,Section 3,3,0.05,176
A4-03,Section 3,3,0.06,177
A4-03,Section 3,3,0.07,178
A4-03,Section 3,3,0.05,179
A4-03,Section 3,3,0.06,180
A4-03,Section 3,3,0.05,181
A4-03,Section 3,3,0.05,182
A4-03,Section 3,3,0.05,183
A4-03,Section 3,3,0.06,184
A4-03,Section 3,3,0.05,185
A4-03,Section 3,3,0.06,186
A4-03,Section 3,3,0.05,187
A4-03,Section 3,3,0.05,188
A4-03,Section 3,3,0.05,189
A4-03,Section 3,3,0.05,190
A4-03,Section 3,3,0.05,191
A4-03,Section 3,3,0.05,192
A4-03,Section 3,3,0.04,193
A4-03,Section 3,3,0.05,194
A4-03,Section 3,3,0.04,195
A4-03,Section 3,3,0.03,196
A4-03,Section 3,3,0.03,197
A4-03,Section 3,3,0.03,198
A4-03,Section 3,3,0.03,199
A4-03,Section 3,3,0.01,200
A4-03,Section 3,3,0.03,201
A4-03,Section 3,3,0.02,202
A4-03,Section 3,3,0.02,203
A4-03,Section 3,3,0.02,204
A4-03,Section 3,3,0.02,205
A4-03,Section 3,3,0.02,206
A4-03,Section 3,3,0.01,207
A4-03,Section 3,3,0.01,208
A4-03,Section 3,3,0.02,209
A4-03,Section 3,3,0.02,210
A4-03,Section 3,3,0.02,211
A4-03,Section 3,3,0.02,212
A4-03,Section 3,3,0.02,213
A4-03,Section 3,3,0.04,214
A4-03,Section 3,3,0.05,215
A4-03,Section 3,3,0.04,216
A4-03,Section 3,3,0.04,217
A4-03,Section 3,3,0.05,218
A4-03,Section 3,3,0.04,219
A4-03,Section 3,3,0.04,220
A4-03,Section 3,3,0.06,221
A4-03,Section 3,3,0.05,222
A4-03,Section 3,3,0.04,223
A4-03,Section 3,3,0.06,224
A4-03,Section 3,3,0.05,225
A4-03,Section 3,3,0.04,226
A4-03,Section 3,3,0.05,227
A4-03,Section 3,3,0.05,228
A4-03,Section 3,3,0.04,229
A4-03,Section 3,3,0.05,230
A4-03,Section 3,3,0.05,231
A4-03,Section 3,3,0.05,232
A4-03,Section 3,3,0.05,233
A4-03,Section 3,3,0.06,234
A4-03,Section 3,3,0.06,235
A4-03,Section 3,3,0.06,236
A4-03,Section 3,3,0.06,237
A4-03,Section 3,3,0.06,238
A4-03,Section 3,3,0.06,239
A4-03,Section 3,3,0.08,240
A4-03,Section 3,3,0.07,241
A4-03,Section 3,3,0.08,242
A4-03,Section 3,3,0.07,243
A4-03,Section 3,3,0.08,244
A4-03,Section 3,3,0.08,245
A4-03,Section 3,3,0.07,246
A4-03,Section 3,3,0.08,247
A4-03,Section 3,3,0.09,248
A4-03,Section 3,3,0.08,249
A4-03,Section 3,3,0.08,250
A4-03,Section 3,3,0.1,251
A4-03,Section 3,3,0.1,252
A4-03,Section 3,3,0.09,253
A4-03,Section 3,3,0.1,254
A4-03,Section 3,3,0.1,255
A4-03,Section 3,3,0.12,256
A4-03,Section 3,3,0.12,257
A4-03,Section 3,3,0.13,258
A4-03,Section 3,3,0.12,259
A4-03,Section 3,3,0.13,260
A4-03,Section 3,3,0.13,261
A4-03,Section 3,3,0.12,262
A4-03,Section 3,3,0.13,263
A4-03,Section 3,3,0.14,264
A4-03,Section 3,3,0.15,265
A4-03,Section 3,3,0.15,266
A4-03,Section 3,3,0.13,267
A4-03,Section 3,3,0.15,268
A4-03,Section 3,3,0.16,269
A4-03,Section 3,3,0.15,270
A4-03,Section 3,3,0.16,271
A4-03,Section 3,3,0.17,272
A4-03,Section 3,3,0.16,273
A4-03,Section 3,3,0.17,274
A4-03,Section 3,3,0.17,275
A4-03,Section 3,3,0.19,276
A4-03,Section 3,3,0.18,277
A4-03,Section 3,3,0.2,278
A4-03,Section 3,3,0.2,279
A4-03,Section 3,3,0.21,280
A4-03,Section 3,3,0.22,281
A4-03,Section 3,3,0.21,282
A4-03,Section 3,3,0.23,283
A4-03,Section 3,3,0.21,284
A4-03,Section 3,3,0.21,285
A4-03,Section 3,3,0.22,286
A4-03,Section 3,3,0.22,287
A4-03,Section 3,3,0.22,288
A4-03,Section 3,3,0.23,289
A4-03,Section 3,3,0.23,290
A4-03,Section 3,3,0.22,291
A4-03,Section 3,3,0.21,292
A4-03,Section 3,3,0.21,293
A4-03,Section 3,3,0.23,294
A4-03,Section 3,3,0.22,295
A4-03,Section 3,3,0.22,296
A4-03,Section 3,3,0.22,297
A4-03,Section 3,3,0.22,298
A4-03,Section 3,3,0.22,299
A4-03,Section 3,3,0.23,300
A4-03,Section 3,3,0.21,301
A4-03,Section 3,3,0.22,302
A4-03,Section 3,3,0.24,303
A4-03,Section 3,3,0.23,304
A4-03,Section 3,3,0.24,305
A4-03,Section 3,3,0.24,306
A4-03,Section 3,3,0.25,307
A4-03,Section 3,3,0.25,308
A4-03,Section 3,3,0.25,309
A4-03,Section 3,3,0.24,310
A4-03,Section 3,3,0.26,311
A4-03,Section 3,3,0.24,312
A4-03,Section 3,3,0.23,313
A4-03,Section 3,3,0.23,314
A4-03,Section 3,3,0.23,315
A4-03,Section 3,3,0.24,316
A4-03,Section 3,3,0.22,317
A4-03,Section 3,3,0.23,318
A4-03,Section 3,3,0.22,319
A4-03,Section 3,3,0.22,320
A4-03,Section 3,3,0.23,321
A4-03,Section 3,3,0.21,322
A4-03,Section 3,3,0.21,323
A4-03,Section 3,3,0.22,324
A4-03,Section 3,3,0.23,325
A4-03,Section 3,3,0.21,326
A4-03,Section 3,3,0.2,327
A4-03,Section 3,3,0.2,328
A4-03,Section 3,3,0.21,329
A4-03,Section 3,3,0.19,330
A4-03,Section 3,3,0.19,331
A4-03,Section 3,3,0.2,332
A4-03,Section 3,3,0.19,333
A4-03,Section 3,3,0.19,334
A4-03,Section 3,3,0.19,335
A4-03,Section 3,3,0.19,336
A4-03,Section 3,3,0.17,337
A4-03,Section 3,3,0.2,338
A4-03,Section 3,3,0.2,339
A4-03,Section 3,3,0.17,340
A4-03,Section 3,3,0.15,341
A4-03,Section 3,3,0.15,342
A4-03,Section 3,3,0.14,343
A4-03,Section 3,3,0.15,344
A4-03,Section 3,3,0.14,345
A4-03,Section 3,3,0.14,346
A4-03,Section 3,3,0.14,347
A4-03,Section 3,3,0.13,348
A4-03,Section 3,3,0.15,349
A4-03,Section 3,3,0.13,350
A4-03,Section 3,3,0.13,351
A4-03,Section 3,3,0.11,352
A4-03,Section 3,3,0.08,353
A4-03,Section 3,3,0.09,354
A4-03,Section 3,3,0.09,355
A4-03,Section 3,3,0.1,356
A4-03,Section 3,3,0.09,357
A4-03,Section 3,3,0.08,358
A4-03,Section 3,3,0.07,359
A4-03,Section 3,3,0.07,360
A4-03,Section 3,3,0.07,361
A4-03,Section 3,3,0.06,362
A4-03,Section 3,3,0.04,363
A4-03,Section 3,3,0.05,364
A4-03,Section 3,3,0.03,365
A4-03,Section 3,3,0.02,366
A4-03,Section 3,3,0.03,367
A4-03,Section 3,3,0.03,368
A4-03,Section 3,3,0,369
A4-03,Section 3,3,0,370
A4-03,Section 3,3,0.01,371
A4-03,Section 3,3,0,372
A4-03,Section 3,3,-0.03,373
A4-03,Section 3,3,-0.05,374
A4-03,Section 3,3,-0.06,375
A4-03,Section 3,3,-0.07,376
A4-03,Section 3,3,-0.09,377
A4-03,Section 3,3,-0.11,378
A4-03,Section 3,3,-0.11,379
A4-03,Section 3,3,-0.1,380
A4-03,Section 3,3,-0.1,381
A4-03,Section 3,3,-0.12,382
A4-03,Section 3,3,-0.12,383
A4-03,Section 3,3,-0.11,384
A4-03,Section 3,3,-0.08,385
A4-03,Section 3,3,-0.07,386
A4-03,Section 3,3,-0.08,387
A4-03,Section 3,3,-0.05,388
A4-03,Section 3,3,-0.06,389
A4-03,Section 3,3,-0.05,390
A4-03,Section 3,3,-0.04,391
A4-03,Section 3,3,-0.01,392
A4-03,Section 3,3,0.01,393
A4-03,Section 3,3,0.03,394
A4-03,Section 3,3,0.03,395
A4-03,Section 3,3,-0.05,396
A4-03,Section 3,3,-0.1,397
A4-03,Section 3,3,-0.16,398
A4-03,Section 3,3,-0.22,399
A4-03,Section 3,3,-0.29,400
A4-03,Section 3,3,-0.34,401
A4-03,Section 3,3,-0.4,402
A4-03,Section 3,3,-0.44,403
A4-03,Section 3,3,-0.47,404
A4-03,Section 3,3,-0.5,405
A4-03,Section 3,3,-0.49,406
A4-03,Section 3,3,-0.51,407
A4-03,Section 3,3,-0.51,408
A4-03,Section 3,3,-0.52,409
A4-03,Section 3,3,-0.54,410
A4-03,Section 3,3,-0.54,411
A4-03,Section 3,3,-0.54,412
A4-03,Section 3,3,-0.55,413
A4-03,Section 3,3,-0.55,414
A4-03,Section 3,3,-0.56,415
A4-03,Section 3,3,-0.57,416
A4-03,Section 3,3,-0.58,417
A4-03,Section 3,3,-0.57,418
A4-03,Section 3,3,-0.58,419
A4-03,Section 3,3,-0.57,420
A4-03,Section 3,3,-0.57,421
A4-03,Section 3,3,-0.57,422
A4-03,Section 3,3,-0.56,423
A4-03,Section 3,3,-0.56,424
A4-03,Section 3,3,-0.57,425
A4-03,Section 3,3,-0.58,426
A4-03,Section 3,3,-0.58,427
A4-03,Section 3,3,-0.58,428
A4-03,Section 3,3,-0.59,429
A4-03,Section 3,3,-0.59,430
A4-03,Section 3,3,-0.58,431
A4-03,Section 3,3,-0.57,432
A4-03,Section 3,3,-0.56,433
A4-03,Section 3,3,-0.56,434
A4-03,Section 3,3,-0.56,435
A4-03,Section 3,3,-0.55,436
A4-03,Section 3,3,-0.54,437
A4-03,Section 3,3,-0.54,438
A4-03,Section 3,3,-0.55,439
A4-03,Section 3,3,-0.54,440
A4-03,Section 3,3,-0.54,441
A4-03,Section 3,3,-0.54,442
A4-03,Section 3,3,-0.54,443
A4-03,Section 3,3,-0.54,444
A4-03,Section 3,3,-0.52,445
A4-03,Section 3,3,-0.52,446
A4-03,Section 3,3,-0.53,447
A4-03,Section 3,3,-0.49,448
A4-03,Section 3,3,-0.51,449
A4-03,Section 3,3,-0.51,450
A4-03,Section 3,3,-0.5,451
A4-03,Section 3,3,-0.49,452
A4-03,Section 3,3,-0.48,453
A4-03,Section 3,3,-0.48,454
A4-03,Section 3,3,-0.47,455
A4-03,Section 3,3,-0.47,456
A4-03,Section 3,3,-0.48,457
A4-03,Section 3,3,-0.45,458
A4-03,Section 3,3,-0.46,459
A4-03,Section 3,3,-0.45,460
A4-03,Section 3,3,-0.44,461
A4-03,Section 3,3,-0.45,462
A4-03,Section 3,3,-0.43,463
A4-03,Section 3,3,-0.43,464
A4-03,Section 3,3,-0.43,465
A4-03,Section 3,3,-0.43,466
A4-03,Section 3,3,-0.41,467
A4-03,Section 3,3,-0.42,468
A4-03,Section 3,3,-0.41,469
A4-03,Section 3,3,-0.41,470
A4-03,Section 3,3,-0.4,471
A4-03,Section 3,3,-0.41,472
A4-03,Section 3,3,-0.39,473
A4-03,Section 3,3,-0.39,474
A4-03,Section 3,3,-0.4,475
A4-03,Section 3,3,-0.39,476
A4-03,Section 3,3,-0.39,477
A4-03,Section 3,3,-0.39,478
A4-03,Section 3,3,-0.38,479
A4-03,Section 3,3,-0.38,480
A4-03,Section 3,3,-0.38,481
A4-03,Section 3,3,-0.37,482
A4-03,Section 3,3,-0.36,483
A4-03,Section 3,3,-0.37,484
A4-03,Section 3,3,-0.38,485
A4-03,Section 3,3,-0.41,486
A4-03,Section 3,3,-0.43,487
A4-03,Section 3,3,-0.46,488
A4-03,Section 3,3,-0.49,489
A4-03,Section 3,3,-0.52,490
A4-03,Section 3,3,-0.55,491
A4-03,Section 3,3,-0.59,492
A4-03,Section 3,3,-0.62,493
A4-03,Section 3,3,-0.64,494
A4-03,Section 3,3,-0.67,495
A4-03,Section 3,3,-0.69,496
A4-03,Section 3,3,-0.71,497
A4-03,Section 3,3,-0.73,498
A4-03,Section 3,3,-0.75,499
A4-03,Section 3,3,-0.77,500
A4-03,Section 3,3,-0.77,501
A4-03,Section 3,3,-0.8,502
A4-03,Section 3,3,-0.81,503
A4-03,Section 3,3,-0.82,504
A4-03,Section 3,3,-0.84,505
A4-03,Section 3,3,-0.86,506
A4-03,Section 3,3,-0.87,507
A4-03,Section 3,3,-0.88,508
A4-03,Section 3,3,-0.91,509
A4-03,Section 3,3,-0.92,510
A4-03,Section 3,3,-0.92,511
A4-03,Section 3,3,-0.94,512
A4-03,Section 3,3,-0.94,513
A4-03,Section 3,3,-0.95,514
A4-03,Section 3,3,-0.96,515
A4-03,Section 3,3,-0.96,516
A4-03,Section 3,3,-0.96,517
A4-03,Section 3,3,-0.98,518
A4-03,Section 3,3,-1,519
A4-03,Section 3,3,-1,520
A4-03,Section 3,3,-1,521
A4-03,Section 3,3,-1.02,522
A4-03,Section 3,3,-1.03,523
A4-03,Section 3,3,-1.05,524
A4-03,Section 3,3,-1.05,525
A4-03,Section 3,3,-1.06,526
A4-03,Section 3,3,-1.07,527
A4-03,Section 3,3,-1.07,528
A4-03,Section 3,3,-1.08,529
A4-03,Section 3,3,-1.07,530
A4-03,Section 3,3,-1.07,531
A4-03,Section 3,3,-1.08,532
A4-03,Section 3,3,-1.08,533
A4-03,Section 3,3,-1.07,534
A4-03,Section 3,3,-1.06,535
A4-03,Section 3,3,-1.05,536
A4-03,Section 3,3,-1.05,537
A4-03,Section 3,3,-1.03,538
A4-03,Section 3,3,-1,539
A4-03,Section 3,3,-0.99,540
A4-03,Section 3,3,-0.97,541
A4-03,Section 3,3,-0.94,542
A4-03,Section 3,3,-0.9,543
A4-03,Section 3,3,-0.86,544
A4-03,Section 3,3,-0.85,545
A4-03,Section 3,3,-0.81,546
A4-03,Section 3,3,-0.82,547
A4-03,Section 3,3,-0.81,548
A4-03,Section 3,3,-0.83,549
A4-03,Section 3,3,-0.79,550
A4-03,Section 3,3,-0.79,551
A4-03,Section 3,3,-0.81,552
A4-03,Section 3,3,-0.79,553
A4-03,Section 3,3,-0.79,554
A4-03,Section 3,3,-0.8,555
A4-03,Section 3,3,-0.8,556
A4-03,Section 3,3,-0.81,557
A4-03,Section 3,3,-0.8,558
A4-03,Section 3,3,-0.81,559
A4-03,Section 3,3,-0.8,560
A4-03,Section 3,3,-0.79,561
A4-03,Section 3,3,-0.79,562
A4-03,Section 3,3,-0.8,563
A4-03,Section 3,3,-0.76,564
A4-03,Section 3,3,-0.76,565
A4-03,Section 3,3,-0.76,566
A4-03,Section 3,3,-0.76,567
A4-03,Section 3,3,-0.75,568
A4-03,Section 3,3,-0.76,569
A4-03,Section 3,3,-0.76,570
A4-03,Section 3,3,-0.78,571
A4-03,Section 3,3,-0.79,572
A4-03,Section 3,3,-0.79,573
A4-03,Section 3,3,-0.78,574
A4-03,Section 3,3,-0.78,575
A4-03,Section 3,3,-0.78,576
A4-03,Section 3,3,-0.79,577
A4-03,Section 3,3,-0.79,578
A4-03,Section 3,3,-0.79,579
A4-03,Section 3,3,-0.8,580
A4-03,Section 3,3,-0.82,581
A4-03,Section 3,3,-0.82,582
A4-03,Section 3,3,-0.83,583
A4-03,Section 3,3,-0.84,584
A4-03,Section 3,3,-0.85,585
A4-03,Section 3,3,-0.86,586
A4-03,Section 3,3,-0.86,587
A4-03,Section 3,3,-0.86,588
A4-03,Section 3,3,-0.9,589
A4-03,Section 3,3,-0.91,590
A4-03,Section 3,3,-0.93,591
A4-03,Section 3,3,-0.91,592
A4-03,Section 3,3,-0.94,593
A4-03,Section 3,3,-0.95,594
A4-03,Section 3,3,-0.95,595
A4-03,Section 3,3,-0.92,596
A4-03,Section 3,3,-0.92,597
A4-03,Section 3,3,-0.93,598
A4-03,Section 3,3,-0.93,599
A4-03,Section 3,3,-0.94,600
A4-03,Section 3,3,-0.95,601
A4-03,Section 3,3,-0.98,602
A4-03,Section 3,3,-0.98,603
A4-03,Section 3,3,-1.03,604
A4-03,Section 3,3,-1.01,605
A4-03,Section 3,3,-1.03,606
A4-03,Section 3,3,-1.04,607
A4-03,Section 3,3,-1.05,608
A4-03,Section 3,3,-1.06,609
A4-03,Section 3,3,-1.07,610
A4-03,Section 3,3,-1.1,611
A4-03,Section 3,3,-1.12,612
A4-03,Section 3,3,-1.13,613
A4-03,Section 3,3,-1.14,614
A4-03,Section 3,3,-1.16,615
A4-03,Section 3,3,-1.18,616
A4-03,Section 3,3,-1.18,617
A4-03,Section 3,3,-1.21,618
A4-03,Section 3,3,-1.23,619
A4-03,Section 3,3,-1.22,620
A4-03,Section 3,3,-1.24,621
A4-03,Section 3,3,-1.27,622
A4-03,Section 3,3,-1.35,623
A4-03,Section 3,3,-1.33,624
A4-03,Section 3,3,-1.35,625
A4-03,Section 3,3,-1.35,626
A4-03,Section 3,3,-1.38,627
A4-03,Section 3,3,-1.35,628
A4-03,Section 3,3,-1.35,629
A4-03,Section 3,3,-1.37,630
A4-03,Section 3,3,-1.4,631
A4-03,Section 3,3,-1.41,632
A4-03,Section 3,3,-1.42,633
A4-03,Section 3,3,-1.42,634
A4-03,Section 3,3,-1.4,635
A4-03,Section 3,3,-1.39,636
A4-03,Section 3,3,-1.42,637
A4-03,Section 3,3,-1.39,638
A4-03,Section 3,3,-1.39,639
A4-03,Section 3,3,-1.39,640
A4-03,Section 3,3,-1.4,641
A4-03,Section 3,3,-1.4,642
A4-03,Section 3,3,-1.41,643
A4-03,Section 3,3,-1.42,644
A4-03,Section 3,3,-1.44,645
A4-03,Section 3,3,-1.5,646
A4-03,Section 3,3,-1.6,647
A4-03,Section 3,3,-1.67,648
A4-03,Section 3,3,-1.69,649
A4-03,Section 3,3,-1.73,650
A4-03,Section 3,3,-1.76,651
A4-03,Section 3,3,-1.77,652
A4-03,Section 3,3,-1.78,653
A4-03,Section 3,3,-1.78,654
A4-03,Section 3,3,-1.77,655
A4-03,Section 3,3,-1.76,656
A4-03,Section 3,3,-1.76,657
A4-03,Section 3,3,-1.75,658
A4-03,Section 3,3,-1.77,659
A4-03,Section 3,3,-1.77,660
A4-03,Section 3,3,-1.79,661
A4-03,Section 3,3,-1.78,662
A4-03,Section 3,3,-1.77,663
A4-03,Section 3,3,-1.76,664
A4-03,Section 3,3,-1.75,665
A4-03,Section 3,3,-1.75,666
A4-03,Section 3,3,-1.71,667
A4-03,Section 3,3,-1.7,668
A4-03,Section 3,3,-1.74,669
A4-03,Section 3,3,-1.74,670
A4-03,Section 3,3,-1.73,671
A4-03,Section 3,3,-1.76,672
A4-03,Section 3,3,-1.75,673
A4-03,Section 3,3,-1.77,674
A4-03,Section 3,3,-1.77,675
A4-03,Section 3,3,-1.79,676
A4-03,Section 3,3,-1.77,677
A4-03,Section 3,3,-1.78,678
A4-03,Section 3,3,-1.81,679
A4-03,Section 3,3,-1.83,680
A4-03,Section 3,3,-1.84,681
A4-03,Section 3,3,-1.88,682
A4-03,Section 3,3,-1.9,683
A4-03,Section 3,3,-1.92,684
A4-03,Section 3,3,-1.93,685
A4-03,Section 3,3,-1.93,686
A4-03,Section 3,3,-1.93,687
A4-03,Section 3,3,-1.96,688
A4-03,Section 3,3,-1.97,689
A4-03,Section 3,3,-2.02,690
A4-03,Section 3,3,-2.03,691
A4-03,Section 3,3,-2.09,692
A4-03,Section 3,3,-2.15,693
A4-03,Section 3,3,-2.2,694
A4-03,Section 3,3,-2.19,695
A4-03,Section 3,3,-2.26,696
A4-03,Section 3,3,-2.27,697
A4-03,Section 3,3,-2.3,698
A4-03,Section 3,3,-2.32,699
A4-03,Section 3,3,-2.32,700
A4-03,Section 3,3,-2.36,701
A4-03,Section 3,3,-2.35,702
A4-03,Section 3,3,-2.38,703
A4-03,Section 3,3,-2.4,704
A4-03,Section 3,3,-2.41,705
A4-03,Section 3,3,-2.41,706
A4-03,Section 3,3,-2.43,707
A4-03,Section 3,3,-2.44,708
A4-03,Section 3,3,-2.48,709
A4-03,Section 3,3,-2.53,710
A4-03,Section 3,3,-2.5,711
A4-03,Section 3,3,-2.48,712
A4-03,Section 3,3,-2.51,713
A4-03,Section 3,3,-2.47,714
A4-03,Section 3,3,-2.51,715
A4-03,Section 3,3,-2.51,716
A4-03,Section 3,3,-2.55,717
A4-03,Section 3,3,-2.58,718
A4-03,Section 3,3,-2.65,719
A4-03,Section 3,3,-2.63,720
A4-03,Section 3,3,-2.72,721
A4-03,Section 3,3,-2.65,722
A4-03,Section 3,3,-2.87,723
A4-03,Section 3,3,-2.69,724
A4-03,Section 3,3,-2.52,725
A4-03,Section 3,3,-2.65,726
A4-03,Section 3,3,-2.47,727
A4-03,Section 3,3,-3.49,728
A4-03,Section 3,3,-3.01,729
A4-03,Section 3,3,-3.08,730
A4-03,Section 3,3,-3.2,731
A4-03,Section 3,3,-2.88,732
A4-03,Section 3,3,-2.47,733
A4-03,Section 3,3,-1.94,734
A4-03,Section 3,3,-2.76,735
A4-03,Section 3,3,-3.32,736
A4-03,Section 3,3,-3.7,737
A4-03,Section 3,3,-3.93,738
A4-03,Section 3,3,-4.87,739
A4-03,Section 3,3,-3.64,740
A4-03,Section 3,3,-3.79,741
A4-03,Section 3,3,-3.73,742
A4-03,Section 3,3,-3.91,743
A4-03,Section 3,3,-5.69,744
A4-03,Section 3,3,-9.65,745
A4-03,Section 3,3,-4.85,746
A4-03,Section 3,3,-5.67,747
A4-03,Section 3,3,-3.72,748
A4-03,Section 3,3,-9.65,749
A4-03,Section 3,3,-37.18,750
A4-03,Section 3,3,-42.73,751
A4-03,Section 3,3,-30.91,752
A4-03,Section 3,3,-42.81,753
A4-03,Section 3,3,-32.41,754
A4-03,Section 3,3,-45.9,755
A4-03,Section 3,3,-44.63,756
A4-03,Section 3,3,-44.32,757
A4-03,Section 3,3,-44.39,758
A4-03,Section 3,3,-36.48,759
A4-03,Section 3,3,-39.67,760
A4-03,Section 3,3,-39.53,761
A4-03,Section 3,3,-37.24,762
A4-03,Section 3,3,-66.14,763
A4-03,Section 3,3,-52.1,764
A4-03,Section 3,3,-52.14,765
A4-03,Section 3,3,-46.65,766
A4-03,Section 3,3,-39.03,767
A4-03,Section 3,3,-45.39,768
A4-03,Section 3,3,-45.59,769
A4-03,Section 3,3,-44.86,770
A4-03,Section 3,3,-45.07,771
A4-03,Section 3,3,-46.98,772
A4-03,Section 3,3,-47.03,773
A4-03,Section 3,3,-50.41,774
A4-03,Section 3,3,-47.97,775
A4-03,Section 3,3,-50.85,776
A4-03,Section 3,3,-50.66,777
A4-03,Section 3,3,-53.23,778
A4-03,Section 3,3,-54.16,779
A4-03,Section 3,3,-58.96,780
A4-03,Section 3,3,-53.78,781
A4-03,Section 3,3,-51.87,782
A4-03,Section 3,3,-50.18,783
A4-03,Section 3,3,-47.88,784
A4-03,Section 3,3,-50.27,785
A4-03,Section 3,3,-49.45,786
A4-03,Section 3,3,-48.32,787
A4-03,Section 3,3,-43.72,788
A4-03,Section 3,3,-35.13,789
A4-03,Section 3,3,-35.44,790
A4-03,Section 3,3,-43.51,791
A4-03,Section 3,3,-39.66,792
A4-03,Section 3,3,-39.31,793
A4-03,Section 3,3,-35,794
A4-03,Section 3,3,-41.19,795
A4-03,Section 3,3,-40.84,796
A4-03,Section 3,3,-44.26,797
A4-03,Section 3,3,-37.67,798
A4-03,Section 3,3,-39.34,799
A4-03,Section 3,3,-22.83,800
A4-03,Section 3,3,-23.76,801
A4-03,Section 3,3,-13.54,802
A4-03,Section 3,3,-12.53,803
A4-03,Section 3,3,-10.8,804
A4-03,Section 3,3,-5.97,805
A4-03,Section 3,3,-3.73,806
A4-03,Section 3,3,-4.32,807
A4-03,Section 3,3,-3.55,808
A4-03,Section 3,3,-5.01,809
A4-03,Section 3,3,-4.46,810
A4-03,Section 3,3,-3.48,811
A4-03,Section 3,3,-3.25,812
A4-03,Section 3,3,-2.9,813
A4-03,Section 3,3,-2.48,814
A4-03,Section 3,3,-2.25,815
A4-03,Section 3,3,-2.06,816
A4-03,Section 3,3,-1.86,817
A4-03,Section 3,3,-1.68,818
A4-03,Section 3,3,-1.5,819
A4-03,Section 3,3,-1.33,820
A4-03,Section 3,3,-1.2,821
A4-03,Section 3,3,-1.04,822
A4-03,Section 3,3,-0.9,823
A4-03,Section 3,3,-0.68,824
A4-03,Section 3,3,-0.44,825
A4-03,Section 3,3,-0.26,826
A4-03,Section 3,3,-0.17,827
A4-03,Section 3,3,-0.01,828
A4-03,Section 3,3,0.14,829
A4-03,Section 3,3,0.47,830
A4-03,Section 3,3,0.61,831
A4-03,Section 3,3,0.64,832
A4-03,Section 3,3,0.65,833
A4-03,Section 3,3,0.65,834
A4-03,Section 3,3,0.67,835
A4-03,Section 3,3,0.68,836
A4-03,Section 3,3,0.65,837
A4-03,Section 3,3,0.68,838
A4-03,Section 3,3,0.71,839
A4-03,Section 3,3,0.69,840
A4-03,Section 3,3,0.69,841
A4-03,Section 3,3,0.69,842
A4-03,Section 3,3,0.69,843
A4-03,Section 3,3,0.68,844
A4-03,Section 3,3,0.69,845
A4-03,Section 3,3,0.69,846
A4-03,Section 3,3,0.69,847
A4-03,Section 3,3,0.69,848
A4-03,Section 3,3,0.69,849
A4-03,Section 3,3,0.69,850
A4-03,Section 3,3,0.68,851
A4-03,Section 3,3,0.68,852
A4-03,Section 3,3,0.67,853
A4-03,Section 3,3,0.67,854
A4-03,Section 3,3,0.66,855
A4-03,Section 3,3,0.66,856
A4-03,Section 3,3,0.64,857
A4-03,Section 3,3,0.62,858
A4-03,Section 3,3,0.59,859
A4-03,Section 3,3,0.55,860
A4-03,Section 3,3,0.47,861
A4-03,Section 3,3,0.4,862
A4-03,Section 3,3,0.31,863
A4-03,Section 3,3,0.21,864
A4-03,Section 3,3,0.1,865
A4-03,Section 3,3,0,866
A4-03,Section 3,3,-0.07,867
A4-03,Section 3,3,-0.15,868
A4-03,Section 3,3,-0.28,869
A4-03,Section 3,3,-0.49,870
A4-03,Section 3,3,-0.67,871
A4-03,Section 3,3,-0.75,872
A4-03,Section 3,3,-0.89,873
A4-03,Section 3,3,-1,874
A4-03,Section 3,3,-1.09,875
A4-03,Section 3,3,-1.16,876
A4-03,Section 3,3,-1.22,877
A4-03,Section 3,3,-1.25,878
A4-03,Section 3,3,-1.27,879
A4-03,Section 3,3,-1.23,880
A4-03,Section 3,3,-1.23,881
A4-03,Section 3,3,-1.26,882
A4-03,Section 3,3,-1.25,883
A4-03,Section 3,3,-1.25,884
A4-03,Section 3,3,-1.24,885
A4-03,Section 3,3,-1.24,886
A4-03,Section 3,3,-1.24,887
A4-03,Section 3,3,-1.25,888
A4-03,Section 3,3,-1.23,889
A4-03,Section 3,3,-1.24,890
A4-03,Section 3,3,-1.22,891
A4-03,Section 3,3,-1.21,892
A4-03,Section 3,3,-1.22,893
A4-03,Section 3,3,-1.24,894
A4-03,Section 3,3,-1.34,895
A4-03,Section 3,3,-1.34,896
A4-03,Section 3,3,-1.34,897
A4-03,Section 3,3,-1.47,898
A4-03,Section 3,3,-1.89,899
A4-03,Section 3,3,-1.92,900
A4-03,Section 3,3,-1.88,901
A4-03,Section 3,3,-1.87,902
A4-03,Section 3,3,-1.81,903
A4-03,Section 3,3,-1.79,904
A4-03,Section 3,3,-1.76,905
A4-03,Section 3,3,-1.74,906
A4-03,Section 3,3,-1.73,907
A4-03,Section 3,3,-1.75,908
A4-03,Section 3,3,-1.71,909
A4-03,Section 3,3,-1.67,910
A4-03,Section 3,3,-1.64,911
A4-03,Section 3,3,-1.65,912
A4-03,Section 3,3,-1.63,913
A4-03,Section 3,3,-1.65,914
A4-03,Section 3,3,-1.69,915
A4-03,Section 3,3,-1.7,916
A4-03,Section 3,3,-1.72,917
A4-03,Section 3,3,-1.64,918
A4-03,Section 3,3,-1.48,919
A4-03,Section 3,3,-1.1,920
A4-03,Section 3,3,-0.89,921
A4-03,Section 3,3,-0.71,922
A4-03,Section 3,3,-0.61,923
A4-03,Section 3,3,-0.54,924
A4-03,Section 3,3,-0.46,925
A4-03,Section 3,3,-0.38,926
A4-03,Section 3,3,-0.31,927
A4-03,Section 3,3,-0.22,928
A4-03,Section 3,3,-0.14,929
A4-03,Section 3,3,-0.05,930
A4-03,Section 3,3,0.02,931
A4-03,Section 3,3,0.07,932
A4-03,Section 3,3,0.16,933
A4-03,Section 3,3,0.25,934
A4-03,Section 3,3,0.34,935
A4-03,Section 3,3,0.42,936
A4-03,Section 3,3,0.5,937
A4-03,Section 3,3,0.56,938
A4-03,Section 3,3,0.61,939
A4-03,Section 3,3,0.66,940
A4-03,Section 3,3,0.69,941
A4-03,Section 3,3,0.75,942
A4-03,Section 3,3,0.84,943
A4-03,Section 3,3,0.94,944
A4-03,Section 3,3,1.11,945
A4-03,Section 3,3,1.22,946
A4-03,Section 3,3,1.29,947
A4-03,Section 3,3,1.62,948
A4-03,Section 3,3,1.77,949
A4-03,Section 3,3,1.8,950
A4-03,Section 3,3,1.84,951
A4-03,Section 3,3,1.89,952
A4-03,Section 3,3,2,953
A4-03,Section 3,3,2.1,954
A4-03,Section 3,3,2.24,955
A4-03,Section 3,3,2.41,956
A4-03,Section 3,3,2.44,957
A4-03,Section 3,3,2.53,958
A4-03,Section 3,3,2.69,959
A4-03,Section 3,3,2.83,960
A4-03,Section 3,3,2.96,961
A4-03,Section 3,3,3.13,962
A4-03,Section 3,3,3.32,963
A4-03,Section 3,3,3.42,964
A4-03,Section 3,3,3.59,965
A4-03,Section 3,3,21.38,966
A4-03,Section 3,3,20.92,967
A4-03,Section 3,3,19.53,968
A4-03,Section 3,3,21.49,969
A4-03,Section 3,3,22.52,970
A4-03,Section 3,3,22.31,971
A4-03,Section 3,3,22.93,972
A4-03,Section 3,3,23.17,973
A4-03,Section 3,3,23.25,974
A4-03,Section 3,3,21.87,975
A4-03,Section 3,3,21.84,976
A4-03,Section 3,3,21.71,977
A4-03,Section 3,3,21.25,978
A4-03,Section 3,3,20.2,979
A4-03,Section 3,3,20.74,980
A4-03,Section 3,3,21.36,981
A4-03,Section 3,3,20.47,982
A4-03,Section 3,3,8.99,983
A4-03,Section 3,3,9.42,984
A4-03,Section 3,3,9.25,985
A4-03,Section 3,3,9.07,986
A4-03,Section 3,3,9.39,987
A4-03,Section 3,3,9.21,988
A4-03,Section 3,3,10.2,989
A4-03,Section 3,3,13.45,990
A4-03,Section 3,3,16.31,991
A4-03,Section 3,3,16.86,992
A4-03,Section 3,3,16.86,993
A4-03,Section 3,3,16.92,994
A4-03,Section 3,3,16.9,995
A4-03,Section 3,3,18.96,996
A4-03,Section 3,3,21.89,997
A4-03,Section 3,3,22.21,998
A4-03,Section 3,3,25.14,999
A4-03,Section 3,3,25.38,1000
A4-03,Section 3,3,,1001
A4-03,Section 3,3,,1002
A4-03,Section 3,3,,1003
A4-03,Section 3,3,,1004
A4-03,Section 3,3,,1005
A4-03,Section 3,3,,1006
A4-03,Section 3,3,,1007
A4-03,Section 3,3,,1008
A4-03,Section 3,3,,1009
A4-03,Section 3,3,,1010
A4-03,Section 3,3,,1011
A4-03,Section 3,3,,1012
A4-03,Section 3,3,,1013
A4-03,Section 3,3,,1014
A4-03,Section 3,3,,1015
A4-03,Section 3,3,,1016
A4-03,Section 3,3,,1017
A4-03,Section 3,3,,1018
A4-03,Section 3,3,,1019
A4-03,Section 3,3,,1020
A4-03,Section 3,3,,1021
A4-03,Section 3,3,,1022
A4-03,Section 3,3,,1023
A4-03,Section 3,3,,1024
A4-03,Section 3,3,,1025
A4-03,Section 3,3,,1026
A4-03,Section 3,3,,1027
A4-03,Section 3,3,,1028
A4-03,Section 3,3,,1029
A4-03,Section 3,3,,1030
A4-03,Section 3,3,,1031
A4-03,Section 3,3,,1032
A4-03,Section 3,3,,1033
A4-03,Section 3,3,,1034
A4-03,Section 3,3,,1035
A4-03,Section 3,3,,1036
